date,ABB.ST,ALFA.ST,ALIV-SDB.ST,ASSA-B.ST,ATCO-A.ST,ATCO-B.ST,AZN.ST,BOL.ST,ELUX-B.ST,ERIC-B.ST,ESSITY-B.ST,EVO.ST,GETI-B.ST,HEXA-B.ST,HM-B.ST,INVE-B.ST,KINV-B.ST,NDA-SE.ST,NIBE-B.ST,SAND.ST,SBB-B.ST,SCA-B.ST,SEB-A.ST,SHB-A.ST,SINCH.ST,SKF-B.ST,SWED-A.ST,TEL2-B.ST,TELIA.ST,VOLV-B.ST
2018-01-01,218.104935,181.259232,1057.50769,156.922195,53.953156,47.570904,571.805908,219.785172,185.401505,49.023167,199.153961,115.889259,109.565292,59.962379,131.554581,86.688698,243.272583,96.035103,19.613102,134.109833,5.43418,80.46656,69.120773,88.064041,7.4,154.499954,133.118591,70.712044,27.335707,122.582703
2018-01-08,220.839767,186.834366,1082.651245,160.280289,55.225231,48.719818,568.550964,224.384445,186.735306,49.924778,198.398331,124.32299,108.092766,63.790958,129.503342,87.199936,240.927811,97.42276,19.622728,136.955658,5.41725,81.293388,70.888611,89.799095,7.27,154.950882,135.980621,66.020706,27.43034,121.393707
2018-01-15,219.863037,189.735245,1084.623169,162.276993,55.678497,49.068859,561.054321,218.578812,181.751007,51.763371,196.887039,127.299583,106.344124,66.549789,127.435951,87.377762,244.193741,95.9394,19.232779,141.53569,5.798152,82.646408,69.87542,89.066521,7.01,163.477264,133.384811,65.268456,27.09547,126.801765
2018-01-22,218.49559,186.834366,1065.888672,160.280289,53.675354,47.221867,567.465881,215.487473,184.559082,47.767975,201.924667,124.719856,106.942352,65.761559,126.386093,86.088554,244.193741,93.652168,18.972811,139.623642,5.840474,81.669228,69.94529,89.220749,7,162.73941,133.983871,67.456833,28.049124,124.730583
2018-01-29,212.928223,187.196976,1133.924194,159.962631,52.271694,46.218376,560.955688,211.491379,195.299896,47.555824,196.047424,118.072113,99.119545,65.339287,114.853867,84.732658,247.459717,92.790871,18.221794,133.309433,5.51036,75.937729,69.94529,88.950851,6.77,148.597076,133.850739,66.868713,28.616955,121.125214
2018-02-05,190.463318,175.41217,1099.413208,151.476654,49.054977,43.106129,532.153381,203.951584,184.067703,45.770279,188.071198,118.171333,92.539192,66.620171,112.205009,78.086517,227.11026,88.618347,17.316723,128.240326,5.383393,71.408897,65.654953,83.899895,6.33,137.734116,130.389664,63.599819,26.251015,114.182968
2018-02-12,197.886505,179.446198,1146.249146,161.097107,50.999626,45.069473,530.47644,217.523193,188.349915,47.803337,189.330612,115.095505,94.701965,68.576691,113.674774,81.131744,240.006622,90.398361,18.510647,131.753113,5.451109,74.396805,67.960838,89.606323,6.4,141.09549,137.378372,65.897621,27.459463,118.900604
2018-02-19,198.86322,181.48587,1176.815918,166.361145,51.613728,45.694832,543.638916,218.95578,193.053421,49.447456,190.002304,113.30954,95.622292,69.111572,111.849663,81.75412,249.720795,90.053848,18.996881,134.598984,5.518825,78.343079,68.100594,89.066521,6.23,143.432022,138.37677,67.812447,28.202003,121.010147
2018-02-26,192.026093,171.15152,1169.034912,162.186218,48.981869,43.338825,542.847961,212.848511,179.644974,47.538155,183.78923,109.936035,93.919678,65.958626,106.535797,80.198166,243.021378,88.580063,18.101439,128.684967,5.891261,74.922974,66.605255,85.943413,6.12,135.397552,135.51474,64.625618,28.340321,114.873352
2018-03-05,196.90976,178.766281,1224.773682,168.993149,52.066998,46.218376,548.582947,217.4478,189.894379,50.331394,194.704056,114.103294,102.064606,70.026497,109.992241,83.376747,252.568024,92.542061,18.655073,133.887497,6.018228,80.654472,68.519844,89.452087,6.28,139.824722,140.10733,68.557861,29.010057,117.366425
2018-03-12,194.077225,177.497162,1205.043213,164.500595,52.798061,46.960087,556.295593,223.479691,191.017609,49.306026,189.162674,110.432152,98.613358,68.914505,106.018944,84.621521,256.168976,85.23056,18.857269,135.621689,6.119802,81.706818,68.85524,88.680954,6.09,142.694183,140.173874,67.662003,28.879026,116.791084
2018-03-19,188.119141,175.049576,1194.684814,158.102066,50.999626,45.243996,560.942871,215.487473,187.296936,47.679585,184.964661,109.63839,85.774757,67.605461,104.37149,80.66494,243.105087,84.482155,18.49139,132.375671,5.98437,80.80481,64.830421,77.653664,6.02,141.915329,123.434196,66.5131,28.29664,113.645988
2018-03-26,193.002838,178.720978,1186.79248,163.683762,52.812691,47.192783,578.741211,220.539154,184.278259,46.777962,193.612579,90.766701,87.376122,69.815338,101.09272,82.065308,251.563141,85.869942,19.020954,135.577225,6.043621,83.548409,61.099079,81.831757,5.86,139.783737,133.176834,68.489479,28.544155,116.791084
2018-04-02,184.016861,178.539673,1218.854858,161.823181,50.473251,45.185814,589.420105,216.995422,179.083389,47.571171,191.093781,89.655426,88.425308,68.478157,101.964905,82.309814,255.080307,82.920868,19.083536,134.465546,6.221374,85.318405,63.781406,79.240158,6.21,144.423798,132.108551,69.002388,29.090143,110.769356
2018-04-09,189.853546,183.208282,1249.43689,160.7341,52.154713,46.567421,605.636292,221.443909,181.773056,47.733288,184.20903,91.997032,89.290421,69.744972,109.184654,82.865501,258.932465,82.439011,19.34832,140.157242,6.085945,88.015083,62.529324,77.02552,6.17,150.47496,129.081802,71.669472,27.466745,122.361771
2018-04-16,201.425186,189.463272,1252.396606,162.458527,52.885792,47.55637,591.101074,231.622681,183.12851,58.793003,187.256973,113.210312,87.965149,72.151917,106.971901,85.021622,260.439819,85.426628,20.946638,143.091965,6.966246,89.870255,63.826115,78.376289,6.74,154.748856,132.286591,71.840431,30.965155,127.098358
2018-04-23,198.483246,197.621979,1185.805786,166.678787,50.049221,45.403961,608.899353,236.82515,166.791718,59.171261,192.168915,108.943855,77.454979,72.236359,119.990059,85.243889,267.306732,87.450485,21.384729,136.422089,6.966246,93.274567,64.40744,77.983635,6.59,153.564011,137.164993,78.781708,32.442535,119.79612
2018-04-30,202.503922,207.018982,1214.415405,173.448486,51.899189,47.181488,622.643555,236.598907,166.577728,61.368797,195.098831,104.842766,79.086281,69.80127,116.87281,85.466179,260.60733,84.964035,21.923925,134.554489,7.194788,93.867455,62.559135,77.559555,6.35,152.336853,134.031418,77.858475,32.210056,120.1119
2018-05-07,202.994232,210.068817,1210.962158,176.867538,52.67963,47.840534,615.524231,249.640045,162.226028,61.494896,197.339371,105.439041,79.741425,66.803154,112.124245,84.732658,268.730347,87.970909,22.573841,143.47525,7.608889,95.913879,63.453476,78.572632,7.36,155.552841,138.874207,78.71331,32.652527,123.901161
2018-05-14,209.074249,214.874603,1274.100464,177.791626,56.456215,51.506962,617.897461,249.098053,163.010727,60.936508,204.578018,107.02906,79.516815,67.860985,120.747009,86.648949,270.823944,85.368797,22.318691,148.253204,7.754554,97.443909,62.4548,78.203514,6.83,160.165268,137.984009,77.619141,32.607529,127.177307
2018-05-21,202.503922,206.18721,1273.606812,176.636536,55.242027,50.058136,638.266541,245.938828,160.371185,58.77499,200.786362,106.830307,78.318817,68.086426,116.789467,84.561577,256.168976,83.942451,22.316862,143.975815,7.557477,94.460342,61.784039,76.868454,6.31,153.225479,132.535858,75.225594,31.542614,126.387886
2018-05-28,200.738724,207.388657,1306.7771,177.375778,54.855335,49.926426,640.343018,249.328918,158.159683,57.802311,193.289185,109.513481,83.185654,70.481857,110.627693,84.516205,267.167023,82.785965,22.287647,141.655075,7.291851,95.674812,60.084793,77.481018,7.14,147.639786,132.179779,78.36216,31.317627,121.927582
2018-06-04,196.718094,207.111404,1365.503296,174.649796,54.692921,49.500294,626.40094,247.594467,153.950638,57.117828,186.998444,112.296051,77.102112,74.060913,112.381042,83.06411,262.259338,81.475258,22.219473,140.927032,7.608889,96.152939,59.81649,76.412956,7.57,144.889267,133.141205,78.539368,31.745094,117.546242
2018-06-11,197.69873,206.279617,1364.516113,174.834579,56.483196,51.920509,630.652771,240.380692,153.023209,61.296749,185.964355,109.215355,79.479362,72.229111,111.896797,84.334694,274.141113,81.051216,22.62364,141.109039,7.608889,94.76635,61.605175,75.941757,7.41,143.873688,133.889008,80.630447,31.827587,116.480522
2018-06-18,192.893555,198.608826,1340.334839,172.663025,53.769318,49.684696,621.852661,232.023727,148.386139,61.783092,187.429321,108.817848,76.016426,71.017303,115.420166,81.339752,264.842346,81.841484,22.521381,139.06134,7.634595,91.974045,60.964226,76.177345,7.49,139.896011,134.031418,79.319092,31.115143,112.099167
2018-06-25,191.912903,196.4832,909.808899,176.405518,53.017147,48.577141,622.742493,229.106689,145.532578,62.377502,190.617752,110.706024,76.278488,70.383224,111.462624,82.79184,264.239655,83.152176,23.407627,144.703873,7.668869,93.064186,63.46838,78.18782,7.64,141.080841,136.595276,74.640755,30.717672,113.046501
2018-07-02,183.332214,188.997238,895.004211,160.788696,48.961582,44.654125,602.966553,225.874268,138.505646,60.846428,188.721924,110.90477,77.495201,67.212814,116.522278,81.135559,263.378662,82.593193,21.990608,136.968124,7.72885,90.730888,63.393848,77.748032,8.5,136.933914,137.27182,74.605316,31.242638,112.178116
2018-07-09,188.578705,196.668015,932.509766,166.333115,50.659023,46.662205,648.352295,217.517334,141.430557,62.125332,189.411331,116.867386,79.217316,70.228218,115.837646,82.179245,268.802917,83.614777,23.100849,139.197861,8.542864,92.375679,63.304417,77.606667,8.54,141.123169,137.877182,72.407906,31.062645,116.480522
2018-07-16,195.149048,221.159119,920.665955,160.834885,49.69342,45.875538,651.813049,204.429993,148.1008,65.835915,198.545822,137.537796,86.367836,70.904572,115.787529,85.718712,271.902496,87.720337,23.358934,140.562973,8.380061,85.643532,67.209702,80.535957,9.4,142.646545,139.728851,85.450546,29.29278,116.954178
2018-07-23,198.287094,224.486176,892.832703,161.712738,51.289215,48.235558,667.040344,205.178986,146.388641,63.620373,189.497498,141.314133,88.44561,71.524567,115.770844,86.830467,261.656677,90.226082,24.191614,145.204422,8.354354,88.11071,69.788391,84.61969,10.86,151.321274,147.7052,85.769524,31.707596,121.138153
2018-07-30,197.69873,225.04071,861.249023,161.758957,50.130489,47.262569,679.795898,203.207993,147.672775,63.656384,198.718201,134.357758,92.245491,75.329063,111.178757,87.261559,264.842346,89.474365,24.206223,143.839279,8.380061,87.403069,69.922531,85.247963,10.28,150.390305,145.639893,83.359474,32.367542,118.454086
2018-08-06,202.798096,224.855881,856.906311,164.531189,50.445572,47.014141,713.711548,205.376068,145.603928,64.21479,195.098831,132.867081,91.721367,75.244522,108.891045,89.598518,264.591675,89.262344,25.029167,146.114502,8.525727,88.780098,70.459145,85.287224,10.3,150.855789,145.497437,81.020302,31.782593,118.138298
2018-08-13,202.798096,220.327332,832.033997,168.966736,50.740341,47.573097,695.803772,198.438232,145.817932,64.77317,202.768372,136.842178,91.983429,74.596352,107.788963,91.459007,256.612244,90.361015,24.303612,142.337631,8.654254,93.236313,71.383293,86.700829,10.04,146.412643,148.773468,81.055756,31.692595,117.309425
2018-08-20,210.643295,220.881836,805.385193,165.686264,51.543324,47.500641,691.646729,202.498444,142.464951,70.429108,205.353592,138.134094,101.73584,75.159981,109.058029,92.706902,268.581451,92.924568,24.907431,142.246643,8.397198,95.340111,72.665184,87.289833,10.58,146.201065,149.058334,81.055756,31.79759,122.756493
2018-08-27,211.722,226.519424,803.991516,172.247177,52.996819,50.057331,692.042725,188.741028,145.532578,69.474457,204.233307,139.227234,102.016624,76.540871,102.879585,93.637138,272.389832,95.2183,25.625679,145.659454,8.328648,101.79493,72.739716,87.05423,10.6,148.740005,151.550964,79.957047,30.4177,124.335358
2018-09-03,207.112946,216.445724,768.434265,168.597107,50.181301,47.086601,666.605652,178.413086,135.937454,70.717316,202.509827,130.48204,99.396011,74.258171,101.259827,92.026237,259.423187,93.27153,25.443073,137.696213,8.388629,98.687057,72.516129,85.169426,10.3,142.054092,150.838776,81.906342,30.020226,120.388206
2018-09-10,213.094925,220.050079,785.22522,171.831345,51.035103,47.914677,669.377136,180.62059,138.362961,70.447128,204.491867,134.059601,101.689056,73.356361,102.829498,93.047226,263.866272,93.560669,26.550882,142.246643,8.568568,98.639244,72.545937,84.227028,10.2,145.227798,152.120682,80.098801,30.747673,122.164421
2018-09-17,210.545227,229.291992,812.090637,167.118591,52.763046,49.715748,654.926575,193.313675,138.43428,69.906754,203.113052,129.190125,102.3442,74.089088,121.06427,95.270752,248.270065,93.425743,26.234365,146.023483,9.682483,96.58326,73.335945,86.700829,10.14,152.802322,153.82988,79.779839,30.927658,126.506279
2018-09-24,207.211029,222.730225,766.26123,165.085602,52.082031,49.094688,694.912964,195.442337,139.825424,71.041534,192.513611,125.91069,95.83947,73.412743,137.128265,93.183365,244.008316,93.348625,25.930023,143.566269,10.196598,96.296379,73.961967,88.153694,10.74,148.401474,156.892273,75.845772,30.612679,124.019569
2018-10-01,202.405853,227.166351,731.889038,168.319885,51.02494,47.58345,703.22699,195.324081,139.040665,70.969498,195.01265,124.320663,91.683922,72.370018,141.0858,92.843025,241.741425,88.491333,25.52829,138.879303,10.11091,95.187111,71.815552,86.190361,10.48,141.37706,142.506332,75.987549,30.740171,122.677521
2018-10-08,186.813522,204.338821,707.393982,156.306915,46.674614,43.784637,658.687683,189.805328,129.837891,66.520393,188.721924,116.56926,86.124481,65.395111,133.554764,86.376701,224.966431,83.566597,22.828159,128.731827,10.025226,85.069771,68.476685,82.3815,10.4,131.940643,137.805954,75.278709,30.200209,113.322792
2018-10-15,186.12706,206.741699,702.257996,161.758957,43.300053,41.109947,700.851624,185.784561,130.366577,76.499352,187.343124,116.469879,80.246834,64.662384,136.510406,88.032967,229.409531,81.137947,22.677204,124.044907,10.350829,84.438629,68.536308,81.67469,10.48,125.043167,138.411316,79.141876,30.222706,105.665321
2018-10-22,174.55545,208.867355,717.271118,161.112122,42.486904,40.161793,673.831116,154.382889,125.519325,70.879425,184.757919,130.879562,79.77887,61.280605,130.46553,85.627937,222.971558,75.297623,22.453209,123.180321,9.476837,79.408653,69.147438,78.18782,9.96,116.241478,144.57164,73.293953,30.519186,103.81015
2018-10-29,184.361908,214.967026,780.286743,163.32988,47.01004,44.654125,687.291748,172.69722,146.22052,72.950882,181.65564,134.457123,81.257652,68.466881,133.872025,90.211105,228.774796,76.984192,23.207979,132.69072,9.956678,83.061607,70.787071,78.486244,10.6,129.105484,146.209625,73.081306,31.953396,111.03344
2018-11-05,178.919312,202.213165,732.87677,163.791916,44.29615,42.035324,730.24762,158.466751,141.008743,73.707397,183.206772,124.618797,80.827118,64.563744,132.786636,89.167419,217.984375,77.774467,22.91094,126.183594,9.751033,78.892265,70.846687,79.043823,10.18,120.303787,148.203735,72.86866,32.454586,106.731033
2018-11-12,176.908966,186.317093,747.692383,163.65332,42.832489,40.377094,721.933594,160.161804,137.437057,69.312332,193.720062,117.761787,75.379997,61.181976,133.037094,88.13385,219.07251,79.393562,23.373543,123.134811,9.425426,74.58905,69.862907,76.695679,9.97,118.103386,146.993011,75.349594,31.868576,101.283974
2018-11-19,177.693481,177.999359,786.015259,154.551208,42.598713,40.368816,725.397705,156.30658,143.960892,68.42971,190.962463,113.88607,85.69397,62.619225,143.525665,85.887527,207.103302,77.976852,22.161039,119.039406,8.722805,71.184738,67.507828,75.093605,9.82,117.891792,144.927734,73.754707,31.220867,97.455231
2018-11-26,181.125763,180.956757,763.515991,156.353119,45.363407,42.594273,715.59906,160.753113,150.739792,68.375687,200.95871,108.122208,87.977638,63.873306,144.369629,91.388733,209.370193,77.861206,22.964502,122.861794,8.911312,70.018082,70.652916,78.729691,10.36,121.615585,150.625122,80.701324,32.377483,99.941933
2018-12-03,169.259933,176.751694,714.288635,149.607376,42.354774,40.381241,685.510132,152.821899,142.867493,71.329742,194.926498,104.64402,80.958145,58.758366,136.963394,86.735634,200.483978,75.432556,22.389904,114.989525,9.014132,66.307762,67.343857,76.507202,9.13,109.851791,146.921799,78.681145,32.138447,92.402885
2018-12-10,175.241867,179.801529,667.236206,150.762482,42.79184,40.687622,698.970947,158.979202,143.231949,74.031624,196.649963,102.656479,82.586662,58.532913,134.448746,88.959038,200.937363,75.943352,23.21772,116.855202,8.73994,69.138321,65.734039,80.810829,8.49,112.771584,145.995972,78.433037,33.526382,92.837059
2018-12-17,165.680557,174.210159,644.698425,145.495285,42.02951,39.524181,678.186035,149.936325,136.343689,70.194946,188.032532,101.762077,75.548462,57.504288,110.748825,85.97921,192.1418,73.533974,22.010086,113.62439,9.185504,66.135628,64.139137,76.397255,8.06,110.740425,140.44101,76.802711,32.739891,90.705597
2018-12-24,167.347641,175.27298,622.556091,146.14212,42.79184,40.021023,666.803711,151.355453,136.380142,70.176933,187.515503,101.26519,74.780991,57.490196,108.526947,86.093826,193.773972,71.876328,22.136692,114.989525,9.151231,65.714874,64.168945,77.198296,8.7,113.787163,140.832718,80.06337,32.369774,91.534492
2018-12-31,168.279266,177.491058,618.206726,146.234558,44.214844,41.414265,695.110962,153.168762,136.635254,69.132217,188.204865,106.830307,72.871689,56.658844,112.367851,87.423286,197.128983,75.97226,22.492165,117.947311,9.236919,66.556381,66.583664,79.161636,8.77,115.479797,144.998947,80.06337,33.117718,93.863327
2019-01-07,169.750259,182.851364,661.502991,147.1586,45.424397,42.718491,660.27124,160.319489,148.407257,68.447731,195.01265,112.097298,77.064667,59.293812,116.122635,90.311409,204.020325,76.878174,23.568323,122.406746,9.305465,70.878731,66.732719,78.533356,8.77,122.673485,149.129532,79.886154,32.847836,95.323769
2019-01-14,171.123154,186.132217,703.019775,155.013214,46.542473,44.115864,652.749023,171.593491,151.978943,69.420403,196.046753,116.072372,79.217316,62.99968,117.758904,91.915939,204.655045,79.027336,24.919605,126.729652,9.665345,74.37867,68.521408,79.20089,9.66,125.593285,152.690445,81.303825,32.500851,98.797264
2019-01-21,172.496063,185.023209,715.2771,155.059402,46.613625,43.587971,642.554382,173.052017,152.99942,73.022926,193.375336,109.612869,78.618301,63.196949,115.605927,91.34288,205.199142,80.000725,24.822212,130.597519,9.682483,74.914185,69.01329,78.886749,10.56,127.032021,150.269028,82.048126,30.673401,98.836739
2019-01-28,170.927032,192.231888,704.403625,157.785461,48.62616,45.49255,657.598938,179.911026,171.951233,72.23037,214.31572,107.923462,96.588203,61.153793,121.427544,92.259758,200.121277,79.509216,25.309162,132.326691,9.682483,75.870453,71.428017,77.355354,10.56,129.570953,145.924744,80.276024,30.418949,103.09967
2019-02-04,172.299911,177.213791,671.980957,174.187729,48.849777,46.248177,681.056335,178.097702,170.274734,73.185036,220.175613,117.463646,94.716339,64.887833,118.413399,92.122223,194.136688,80.154915,25.576984,129.050385,9.699619,75.392311,70.816872,75.863228,10.34,125.085487,147.06424,80.701324,30.04884,101.362907
2019-02-11,179.066406,183.821747,716.661133,174.603546,51.136757,48.390831,745.390869,188.346817,173.190384,78.066452,222.760803,135.351517,100.893509,66.423737,117.448868,94.437302,197.219666,81.822205,26.307407,137.559662,10.17946,77.45787,73.157082,80.614494,10.86,132.279175,149.272003,83.961983,30.634851,106.770523
2019-02-18,185.538696,192.601578,746.118408,178.438492,51.807602,48.980835,756.872314,198.556488,176.907867,79.057137,228.706848,138.233459,102.671768,68.410522,120.531929,96.041832,205.380478,78.824951,28.08477,140.062424,9.973816,80.823936,69.49028,81.556892,12,135.495163,122.066887,86.265709,31.344248,109.336166
2019-02-25,177.448318,186.964005,756.620667,177.791626,51.390858,48.328716,760.534302,198.792999,177.636765,77.021698,223.277878,139.724106,102.765366,69.241867,118.844002,94.414383,211.455734,80.954826,28.267378,140.517471,9.733893,82.258331,70.6231,83.088295,12.02,133.717911,121.7108,86.230263,30.750515,107.757301
2019-03-04,173.378647,177.999359,723.18219,179.039108,48.931095,45.834133,775.944763,189.884201,172.971695,78.372643,225.604584,139.127823,97.570946,65.521927,117.0355,93.130775,211.002365,78.670746,27.938686,134.920441,9.305465,79.829414,69.177254,81.910301,12.5,127.370522,123.135139,88.534004,31.883999,105.586372
2019-03-11,174.261246,185.85498,720.609985,183.428467,50.882641,47.624855,774.953125,192.998322,175.960266,80.318008,230.257996,137.339066,100.097961,68.762787,117.12162,95.789688,218.256424,80.877739,28.57172,140.790497,9.4597,78.873146,70.161026,82.145897,13.04,134.945053,125.877029,90.766846,32.778442,108.309891
2019-03-18,169.652176,185.115631,683.016418,179.316345,50.059334,46.983086,781.993591,198.201736,174.721115,78.210533,231.205917,139.028442,98.787651,67.057808,117.190521,95.354179,214.901428,79.991081,27.877817,138.014709,9.408289,75.162811,70.10141,81.046425,12.1,131.17894,125.485321,90.34153,32.500851,106.375801
2019-03-25,171.074142,197.222519,672.727661,185.461411,50.750507,47.635204,745.997742,208.608475,174.13797,76.931648,231.033585,145.587357,101.314674,68.340057,133.484192,95.973076,218.347076,68.185165,28.985624,137.423172,9.63107,78.720459,59.980453,77.041222,11.52,130.671158,93.544258,87.789719,32.346642,113.678024
2019-04-01,178.429001,202.120758,722.588684,187.124756,54.948372,51.444366,749.666748,223.824478,174.939774,81.180092,224.915192,148.469284,99.910782,72.680016,139.874207,99.182106,226.598572,74.294769,30.336908,149.345337,9.63107,82.041176,64.20842,84.500954,11.6,148.676926,115.833626,87.612495,32.554832,115.098999
2019-04-08,179.262558,207.111404,761.567261,191.375504,56.025795,52.9142,731.024231,226.89917,172.097031,83.29435,233.325363,154.829422,106.696281,71.778198,139.667511,98.723671,226.689255,75.412788,30.531687,153.304199,9.888126,80.791023,67.729767,86.530632,12.24,151.228149,118.444641,88.71122,31.760626,120.039169
2019-04-15,191.373535,212.748962,781.155396,194.424911,57.428471,54.301228,717.141541,225.953079,177.939758,85.754906,233.237289,152.325104,109.03611,73.271523,143.956238,100.557396,233.489944,75.714165,30.689945,159.947845,10.299421,79.501808,68.374092,86.240677,12.28,156.330673,122.519386,88.002373,32.552456,122.405678
2019-04-22,191.079376,203.137375,769.679504,187.586777,59.684952,55.62616,715.158264,225.953079,182.020935,86.793808,248.122925,190.803894,121.437218,74.061508,144.472961,103.101707,244.371017,76.384972,31.091681,161.085449,10.196598,80.400345,69.647774,86.862015,12,154.835114,122.519386,93.42498,32.39386,124.445786
2019-04-29,191.471619,208.419983,739.011108,192.884216,59.907413,56.289291,725.570313,213.259979,176.010483,83.841133,247.330154,189.651123,127.37812,72.001892,146.367584,103.697662,250.264969,74.187828,31.286459,154.987869,10.28228,81.650497,68.718742,86.69632,12.4,151.580063,122.796295,90.447861,32.203541,121.508034
2019-05-06,181.02771,198.211655,699.438843,183.813416,57.31881,53.420376,718.033997,187.794937,168.070724,80.615082,246.977844,181.68959,124.783379,67.953201,136.894516,98.677826,238.7491,71.630966,30.397776,150.187225,10.537942,78.661858,66.890633,83.796783,12.54,142.166794,116.031425,89.880783,32.03701,114.286095
2019-05-13,181.870956,198.967819,662.636597,184.518402,57.298271,53.190033,724.182007,190.56929,165.399384,82.656425,252.703079,179.659744,125.255135,68.122475,141.969727,102.66272,240.894821,70.114357,31.724716,150.5112,11.763284,76.610832,66.860657,83.838196,14.4,139.43959,113.934715,93.959488,32.35421,115.510155
2019-05-20,176.602905,192.729401,622.470947,182.309418,54.545326,49.902298,739.750549,181.566345,160.427765,86.483955,251.822266,184.654724,126.198685,65.18824,133.540268,100.954811,238.854553,68.296356,30.901762,142.180313,12.165897,73.544052,65.706863,81.021507,14.58,133.941177,111.402824,95.648476,32.013222,112.001198
2019-05-27,171.236374,184.269714,582.861511,174.084595,52.573067,48.227024,703.358032,179.527039,153.081635,83.367256,245.304337,179.69957,121.480972,62.253986,125.998138,95.994804,226.588791,65.127022,29.413261,135.65448,12.095879,70.926552,63.129536,77.475769,15.62,129.76239,107.525894,96.272682,31.513638,108.329033
2019-06-03,178.818436,188.617722,615.341797,185.975357,54.709667,50.844643,725.669434,184.589966,164.657364,85.299248,255.257416,189.251678,130.350266,66.288574,132.599747,99.574432,234.07933,66.993629,31.086287,143.105972,11.920829,70.242867,65.377205,76.166847,16.24,137.50415,110.334686,96.272682,32.235264,112.776421
2019-06-10,176.258255,189.137604,615.935852,190.628265,57.68861,53.546028,748.278503,187.121445,170.074234,81.362366,260.718384,183.082581,136.813522,68.009621,136.681351,102.803116,226.682419,67.363052,33.116062,149.585556,11.045585,72.840843,65.227356,76.117126,16.440001,138.691803,111.046806,98.475716,32.718987,115.020538
2019-06-17,183.249496,196.888367,631.581909,193.918213,60.503204,55.765766,781.993591,195.877838,178.013962,85.736679,257.987946,174.326477,141.62558,72.2276,130.57666,106.452927,229.304092,65.972824,34.001778,158.055283,11.273148,74.774666,66.021538,76.614204,15.46,149.996521,111.007225,99.430359,33.052044,121.956848
2019-06-24,183.151047,191.500641,650.396729,197.302139,60.975712,55.786705,765.433594,197.081329,176.084671,80.287003,251.381882,182.883591,138.040131,72.735451,146.725723,104.370659,226.120621,65.545067,33.448204,157.916443,11.080596,78.818123,64.373238,76.117126,14.96,150.216461,110.334686,99.503792,32.703133,120.243187
2019-07-01,179.606171,194.525314,629.205383,199.746109,59.784149,54.19519,774.655762,191.0224,178.013962,80.578629,257.107117,191.83873,136.813522,65.018944,149.174683,106.733681,230.240433,70.026855,33.768047,152.269943,11.115604,81.279366,67.669823,80.690132,14.12,141.814896,116.031425,100.311584,34.281189,119.957558
2019-07-08,173.796555,188.42868,627.620911,198.054123,57.668079,52.163929,747.981018,182.597992,177.717163,82.091408,254.376602,189.848679,141.672745,65.555008,150.84285,106.733681,229.397736,69.171326,34.075588,145.882935,13.076153,80.107346,70.75663,80.85582,14.3,137.724075,117.96991,95.648476,34.416,119.835175
2019-07-15,174.436584,174.534012,673.370544,207.641937,59.434883,54.404602,752.244873,178.406525,176.678299,76.514153,243.983109,219.40062,128.746231,68.009621,149.671585,107.833298,226.776047,62.754875,33.829559,140.46785,13.163677,74.130066,70.082329,76.647331,14.4,141.770905,107.209412,99.246773,33.845047,122.487297
2019-07-22,175.71669,173.494278,700.30542,209.803894,61.181156,55.723881,814.717285,183.842972,168.367508,77.917587,247.946732,215.918076,129.312378,66.1334,151.251007,107.552559,233.611176,60.81049,34.137096,143.661362,14.459037,80.576149,69.482941,72.819939,14.32,145.245895,105.666542,100.42173,33.987778,119.794357
2019-07-29,176.553665,167.822983,659.903198,204.821991,58.777466,53.399437,844.96167,173.634079,159.68573,75.839783,249.796417,203.977875,134.313141,64.38414,148.092178,106.452927,229.772263,59.216103,33.669636,133.432892,14.634091,77.040565,66.860657,71.544144,13.66,135.480728,102.185196,101.302948,34.114662,113.918892
2019-08-05,169.217773,158.134537,645.643494,202.002045,55.326008,50.069828,843.077698,168.405151,162.728088,75.493477,250.412964,180.69455,130.774857,63.241467,151.091293,102.849907,229.023239,58.914722,33.152966,128.202972,14.196465,73.368248,63.773865,70.931099,12.98,131.653824,100.4841,100.715462,32.623825,107.716995
2019-08-12,176.012085,162.955109,624.254089,202.284042,55.305466,50.781818,850.252258,162.064011,163.766937,73.269875,255.874008,171.540421,127.330933,61.548641,149.440887,102.054443,228.648697,57.718929,29.610086,123.297005,14.371513,73.797981,62.590092,70.666,13.2,128.354797,99.257706,103.836433,32.607967,104.901665
2019-08-19,176.159775,162.104416,612.965088,192.696228,56.086166,51.30534,863.948547,164.935791,162.431274,71.665947,255.34549,177.112518,127.330933,62.155235,157.888092,103.575188,240.259018,57.942528,30.065248,125.888817,15.736897,76.669434,61.78093,69.125099,12.82,130.026321,98.347816,100.788902,32.377998,103.677612
2019-08-26,184.086487,170.8004,670.257568,192.602249,60.21558,54.760597,876.255249,180.108032,162.87648,69.679276,269.614532,183.281601,127.802696,61.50631,166.796677,107.669533,250.371262,59.595257,30.21287,130.28569,16.069489,82.685783,63.204456,71.560715,13.14,139.307632,99.771996,106.137482,34.067081,110.57312
2019-09-02,184.726532,174.628525,710.302734,200.21608,61.324966,55.82859,858.489929,194.674347,165.028381,70.736412,257.723694,202.485382,128.604706,61.195965,169.565109,108.418213,260.01532,62.317387,30.335884,133.479187,16.629644,86.494835,63.668976,72.571411,13.42,142.21077,101.868713,109.127281,34.082939,111.919594
2019-09-09,193.588684,186.538254,762.043945,204.258011,65.146217,59.17915,821.371277,210.112183,175.491058,70.845757,247.594421,193.629745,128.132935,69.617805,168.802002,110.734436,256.925476,68.99633,31.492243,150.233505,16.139505,87.979401,68.209274,78.867561,14.44,151.887985,112.589661,103.492676,34.051216,119.019127
2019-09-16,193.736374,181.103256,756.2948,206.325989,64.92025,58.488091,870.101807,202.600769,178.013962,74.071815,250.677231,199.002808,134.501846,66.768211,167.719498,112.021233,241.944382,67.858871,31.270811,146.623459,17.942507,84.893082,69.003441,77.4095,14.4,147.005402,110.730301,110.698845,35.39138,117.060623
2019-09-23,188.714478,180.819702,752.924805,203.318054,62.598721,56.812817,885.385925,189.984909,175.491058,71.884659,253.760056,195.420761,130.916382,66.951599,170.416916,111.646896,242.131668,67.042236,30.618824,141.578659,18.29261,85.498627,67.819664,76.498215,14.88,141.507004,110.849007,113.573616,35.121765,112.082802
2019-09-30,175.470505,178.598434,744.400269,206.325989,60.297749,53.755444,844.098999,182.763977,174.823227,69.642822,250.236847,187.261627,128.793411,62.959332,170.984787,108.371414,233.892059,64.514534,29.536278,134.358551,17.1898,84.268005,64.71788,73.714653,14.96,136.140549,105.864342,108.78228,34.304977,105.064873
2019-10-07,178.769196,186.065643,770.964783,201.626083,61.67424,55.284122,853.428284,204.468277,182.614594,75.384117,248.915619,201.987869,125.5382,64.34182,177.426682,110.991798,242.787064,68.082474,30.016041,142.874557,16.96224,89.796021,69.048393,77.32666,16.34,148.984833,111.046806,107.989166,35.153488,112.613228
2019-10-14,181.821701,193.674622,773.145569,212.905853,63.74921,57.378227,845.190674,204.094757,190.388107,80.870239,254.640869,206.962921,148.183197,64.962524,183.362778,113.28463,250.277603,68.199135,30.557316,153.889847,17.452374,92.550262,70.262138,77.740875,16.48,154.923096,112.312737,109.740341,33.424759,117.060623
2019-10-21,200.776855,210.688477,796.934631,211.495865,68.659309,61.629227,913.373718,213.681152,201.116333,79.375679,268.909912,234.325806,146.437653,67.868538,182.342377,115.343506,247.094147,70.425453,31.799784,155.694855,19.08033,95.05056,71.670685,81.584846,17.34,157.0345,111.95668,111.569336,34.574593,119.019127
2019-10-28,199.102905,212.011795,746.581116,218.921738,71.340492,63.919628,939.575073,216.005127,192.276871,76.842224,267.50061,231.838272,153.750076,70.760483,178.704391,115.811424,247.562271,68.344971,32.870029,158.008987,19.649239,97.218796,69.033417,79.198929,17.4,153.691452,105.547852,107.405426,34.445946,117.917473
2019-11-04,206.488022,224.58316,826.671082,212.905853,73.248428,65.401192,900.769226,226.048035,193.485687,79.41214,268.029083,232.833298,159.647217,75.190056,171.801102,119.13369,246.438736,70.639351,33.804951,166.247314,20.436954,100.500435,71.146217,79.397758,19.26,162.049026,109.85997,107.833496,34.568218,122.854492
2019-11-11,210.328293,220.707779,802.287109,213.939804,75.446709,67.327263,901.265503,218.702591,191.219147,80.195877,268.029083,245.768509,158.98674,74.033287,164.22348,120.2705,202.764435,68.753288,34.260113,166.154755,19.16785,100.256271,60.956787,79.894829,21.450001,162.576874,104.519287,108.962029,34.608971,124.527374
2019-11-18,206.291077,216.170746,777.110352,213.28183,73.144737,65.274208,915.259338,215.216614,180.264282,78.610184,265.827087,249.74855,156.250473,73.497231,165.767105,118.100906,209.776917,67.57695,35.650196,159.814026,20.611727,95.695175,60.717033,78.254509,21.9,157.958221,100.444534,109.895996,33.932438,120.079971
2019-11-25,206.291077,222.692734,778.316406,213.751816,72.771446,65.528198,921.015747,205.007751,185.930603,78.646637,265.122467,251.738571,156.86377,76.375053,168.224396,119.374359,211.707672,65.943665,36.019249,161.202484,21.927368,93.077667,61.526199,77.873436,22.700001,160.905365,98.664299,109.973824,33.785725,120.8144
2019-12-02,211.214508,219.289963,787.045959,215.161789,74.554962,66.522964,899.776733,205.339737,195.07225,79.849571,259.837616,256.216156,163.138336,77.136818,174.540543,120.36483,216.631088,66.789459,37.667675,164.905106,21.006422,95.226357,62.275421,76.630775,26.200001,163.852493,97.833527,107.833496,33.337418,118.733505
2019-12-09,218.796555,220.42421,788.434692,206.795959,78.225677,69.507286,900.769226,207.829712,189.481491,77.498375,256.754791,270.643829,156.108948,81.114983,173.484818,121.025139,216.534561,69.793533,38.442677,173.097153,20.392452,90.186691,66.111443,83.672508,26.049999,171.242355,102.106079,106.666054,33.043991,120.896019
2019-12-16,222.341431,227.040726,803.314636,210.743896,79.781067,70.967712,949.00354,206.335724,176.637863,75.384117,268.821869,283.57901,163.704468,74.287224,175.596283,122.911728,222.133774,74.537819,39.193081,171.569809,21.444965,93.585541,66.231323,83.672508,28.200001,170.054703,109.622597,106.588219,33.443378,128.933975
2019-12-23,223.030685,228.553055,797.36261,210.273895,79.635895,70.692566,937.887756,205.173721,175.429016,75.657509,268.645691,283.081543,164.459305,75.218269,176.105927,122.062744,223.581833,74.421158,40.275623,173.467407,20.831001,95.031029,66.201347,83.838196,28.450001,170.714523,110.136887,106.666054,33.272213,130.606857
2019-12-30,224.212311,225.150284,778.118042,208.393921,78.080513,69.697784,935.605103,204.34375,173.086975,75.220093,268.909912,287.559113,164.317749,74.400078,173.084366,121.968437,223.002609,74.907257,40.730785,168.885422,19.208372,93.722275,67.235275,84.749489,29.65,166.183823,109.939079,106.510384,33.011379,128.281143
2020-01-06,225.098541,224.488647,753.119812,208.487946,78.640457,69.972946,940.071228,205.339737,177.015594,74.873787,269.526459,309.449402,169.224167,74.795074,168.406403,122.628731,220.203003,74.537819,41.862537,169.394531,19.910049,92.296318,67.160355,83.175461,31.549999,163.8965,108.000618,110.440788,33.304817,127.34272
2020-01-13,224.113861,237.721664,766.214172,220.049728,81.419411,73.084251,971.334106,218.536606,184.34404,77.862907,283.267059,307.956879,168.752396,77.277885,168.351807,126.920738,223.67836,74.839195,43.683182,173.976501,19.822344,89.444412,68.928528,79.695999,33.200001,166.667694,109.424812,110.090561,33.027683,130.117249
2020-01-20,226.969437,235.075043,732.48645,225.783585,80.15435,72.089478,950.690796,201.687805,180.188736,72.631943,275.692108,316.912018,171.866089,79.055374,171.955841,127.2509,226.477982,74.382271,42.096268,173.652542,20.217031,89.405342,69.288147,78.254509,29.200001,162.40094,106.61599,115.577583,33.655308,127.791534
2020-01-27,221.35672,227.79689,736.057495,215.537796,70.92572,63.496304,933.520935,190.31691,172.78476,69.041374,269.526459,296.514191,155.259766,74.089722,192.62439,124.5625,224.740295,74.003113,41.112137,163.053787,20.831001,94.269211,71.35601,78.436768,30.9,155.450943,117.297371,113.164848,33.622704,134.891052
2020-02-03,231.892853,238.194275,726.137695,216.383759,74.762337,66.925117,950.591492,194.881836,172.406998,76.277206,273.666229,301.986755,162.80809,78.237167,185.662064,130.50528,215.955338,82.431999,41.456585,168.515167,22.365919,95.363098,74.218033,90.838539,34.450001,168.911041,121.807289,112.853539,33.41893,139.093643
2020-02-10,231.400497,239.990173,743.99353,226.629578,78.059761,70.078773,918.733032,193.719864,168.402786,80.378136,277.894135,386.562958,162.053253,79.788933,186.117126,132.816345,224.354126,83.355576,44.150646,170.690445,22.979881,101.086441,75.147079,90.755684,37.099998,167.723389,124.180939,114.332306,33.761265,141.460159
2020-02-17,230.120392,234.224365,718.003235,231.04747,74.389053,66.798119,961.905701,188.324905,135.486984,79.047607,277.717957,420.890961,165.072601,80.099281,185.889603,131.873077,220.878769,83.287529,44.039932,165.69194,27.76005,103.528145,76.608063,90.838539,47.650002,164.732239,127.701828,119.819321,34.225876,139.297668
2020-02-24,205.011002,204.261032,645.528076,202.002045,70.324303,62.607365,834.571289,164.670197,121.184204,69.879768,253.319672,349.249969,151.060989,72.312241,157.776367,112.559029,187.766266,73.57534,38.233547,146.623459,23.681559,89.522552,68.508949,79.927971,40.299999,147.797165,114.528145,108.533974,30.916588,121.426437
2020-03-02,192.653229,187.814301,581.789429,194.8582,66.902435,59.686535,877.832825,159.109238,117.413765,65.013329,270.231079,370.145264,166.063324,68.207123,151.114365,113.879646,190.758942,70.493515,38.577999,140.097626,23.681559,91.983788,66.366173,79.430893,44.25,134.644958,114.725952,115.577583,31.389343,113.918892
2020-03-09,159.223221,155.818741,526.787476,167.034729,61.074928,54.183521,756.560547,125.536125,93.762733,59.253807,241.516891,325.867126,137.143768,58.162971,121.97271,96.357887,148.716675,52.887142,30.901762,117.835648,14.472065,80.537086,51.12698,65.595932,34.299999,119.029495,94.431313,89.115372,25.960804,96.537285
2020-03-16,166.460678,151.139923,436.540649,162.616821,57.259033,50.818218,839.960083,132.798553,83.483665,67.656151,254.20047,331.837189,164.931061,53.423031,103.060654,94.825035,143.696701,52.789925,30.877157,113.253662,13.34938,86.006493,48.56464,65.861031,32.599998,109.704201,95.459892,95.341774,29.041868,83.031853
2020-03-23,178.030701,164.845551,462.353821,162.522827,65.30558,57.739319,828.031738,142.509445,88.885551,67.218727,256.138214,299.00174,169.271332,57.55637,111.943306,102.725159,156.34317,53.830166,34.12479,128.712082,14.735189,92.413521,49.478695,68.710876,35.150002,111.551674,87.468643,98.065826,28.169712,92.538696
2020-03-30,166.165253,161.064682,414.599487,161.723846,64.413826,57.823978,884.592407,147.364883,84.01252,71.429001,251.029556,336.414276,177.999115,56.399597,103.752335,102.300667,156.970673,52.444572,35.182739,122.001083,14.796588,91.30011,53.118217,67.841232,39.25,113.427917,92.448952,107.016289,28.438692,91.477837
2020-04-06,177.832886,177.936783,535.127258,168.867691,68.499321,61.654915,871.073425,161.516251,100.377625,73.586189,256.533875,421.885986,173.894699,63.580032,124.229767,109.115997,185.883774,55.989182,40.349434,129.776566,18.822453,96.007713,57.800217,72.675644,42.25,126.285774,91.986191,105.537514,29.259367,103.636803
2020-04-13,173.728271,167.681198,550.019348,180.335495,72.190773,64.364098,986.381531,167.990158,100.338509,79.657051,274.722626,479.497284,170.828186,64.877869,123.274147,114.587112,189.166061,54.187504,42.145477,130.794785,17.752396,103.479309,56.25066,70.568329,43,124.802185,92.191864,105.148369,29.718761,106.144745
2020-04-20,171.898514,159.268768,589.533386,179.536484,71.547882,65.380043,1013.518738,167.409164,99.36055,74.598,273.552063,452.731415,174.508011,61.873096,113.535995,112.417542,185.111465,54.021042,42.120869,131.859299,18.243572,98.547081,56.9338,74.375656,43.849998,138.963806,95.448311,100.011574,28.282103,99.148056
2020-04-27,185.448608,173.447021,595.688782,165.483765,71.038673,65.322418,1035.586548,166.247177,105.502136,78.277306,285.888062,442.681793,178.896973,68.714973,123.956726,115.83699,195.006607,61.922985,44.987164,140.051331,16.620947,102.795639,66.930946,79.953835,50.900002,139.862961,98.859024,98.532814,28.190222,107.637924
2020-05-04,176.695435,176.755264,593.901794,178.097748,72.148331,66.755951,1035.387573,171.085159,107.92746,76.915962,281.475891,492.987061,175.140244,67.31958,120.543823,114.044716,127.060883,58.358784,44.790333,141.622162,13.454633,101.477119,62.798798,77.421524,57.099998,140.896988,92.808876,98.766304,27.313196,108.06456
2020-05-11,171.305069,167.633942,559.550354,166.268906,70.264008,64.744736,1034.989868,164.680222,106.71479,75.481026,273.281921,489.999237,162.633606,64.714485,109.167473,108.172699,123.093819,54.373543,46.155815,132.794373,12.954689,99.133087,59.333122,74.375656,55.200001,132.579834,87.427162,94.641319,26.018532,101.8358
2020-05-18,179.712082,168.909988,607.602539,174.819885,74.472313,68.360664,1060.636108,177.962967,112.582542,78.40609,275.803162,535.214661,165.296616,68.259117,117.631477,112.93634,126.485939,56.968353,48.185589,134.305023,16.235022,108.265045,62.115662,76.907974,61.900002,140.447403,91.523438,96.571838,25.793009,107.083313
2020-05-25,183.767227,179.496384,586.206909,181.185623,77.298798,71.077988,1014.71167,175.555725,120.601807,78.774017,279.855133,553.539734,165.249069,73.625885,129.371872,118.148071,136.259857,62.314648,51.420925,147.192627,16.524464,114.759972,68.080627,78.926743,62.799999,155.373306,101.121407,99.674232,26.962385,113.696022
2020-06-01,198.207474,200.102081,641.666931,193.537003,80.878975,74.437172,991.649963,187.505905,126.860748,81.312752,255.813538,590.78772,157.592926,78.266663,153.125717,124.373848,147.011154,69.168861,52.454266,166.028381,18.629492,111.048592,72.729309,82.840324,59.900002,166.792542,112.056229,101.384529,28.399042,130.547791
2020-06-08,192.124771,179.54364,582.032532,178.145264,77.801277,69.259315,960.039673,180.026291,119.819443,76.897568,257.074127,539.397522,160.874115,72.714821,130.919067,113.903229,129.993057,66.260719,47.865746,147.003799,18.769829,107.630203,65.214775,78.909035,62.5,152.271255,105.594734,96.770714,26.444519,116.725075
2020-06-15,199.493271,190.933502,591.375366,183.323349,82.491119,73.602722,983.896423,176.759369,123.770393,79.178734,270.580658,586.007324,168.863159,77.44101,131.192093,118.761215,142.411667,65.457794,50.559807,151.48851,21.99754,114.711136,65.864594,81.228844,74.599998,155.822906,103.126686,98.48101,28.231987,125.68425
2020-06-22,203.746216,192.918457,583.026489,180.235489,82.553925,73.73111,983.001831,173.234482,121.462418,79.565071,269.139954,575.685547,167.912079,77.355591,124.730331,117.202896,139.307007,62.530064,50.855049,160.174667,20.38368,108.55806,66.364456,79.068413,77.900002,156.317429,100.041626,97.5662,29.125721,123.209801
2020-06-29,217.395248,193.391052,595.947205,183.845901,83.726395,75.293015,983.101196,186.474228,125.726311,80.172157,272.291473,657.015137,169.338699,78.323601,128.780319,119.483101,146.033783,63.75404,51.396317,166.453247,22.734293,108.94873,68.797096,79.139244,81.800003,157.171616,107.051575,101.822037,29.150784,126.964127
2020-07-06,221.747101,192.918457,591.375366,186.648727,85.380409,76.812149,985.487,199.284119,135.818848,79.528267,266.078461,660.005188,170.45401,78.352066,125.27639,121.499298,151.380676,64.312172,51.937595,169.28569,22.687771,108.606888,71.679604,79.82988,78.5,163.465698,114.301468,96.571838,28.875141,130.803772
2020-07-13,220.659149,191.500641,584.417847,192.016846,85.736328,77.946144,1043.339722,204.270538,131.633163,89.830345,261.306183,681.73291,190.885483,81.910942,123.274147,124.523575,173.975662,68.150528,53.069347,166.783707,21.187023,107.337204,76.294952,80.077805,74.400002,167.466904,125.030602,101.344757,30.295095,136.605896
2020-07-20,225.802246,205.395294,605.687622,192.586884,83.7892,74.993484,979.721558,210.632492,130.850815,92.580627,258.694916,601.001343,199.614426,81.483879,122.864609,125.483658,175.81546,69.560532,53.143158,158.616821,20.816252,103.430481,73.529076,76.217346,70.900002,151.102356,125.082031,103.492561,29.668644,134.515411
2020-07-27,216.109467,195.754105,566.726379,182.088211,81.004601,72.318954,979.125122,204.528427,128.347244,92.718605,259.775421,596.416687,201.245102,80.971405,123.638206,123.995529,176.332901,66.299881,51.666958,153.518433,20.904526,103.332817,70.513268,73.295441,68.400002,145.167953,121.67131,98.679878,28.465862,128.755951
2020-08-03,223.626328,201.519913,580.641174,187.503799,82.784233,73.923668,966.003845,206.591782,137.540054,93.40847,260.315704,633.692627,195.297897,84.729568,125.867966,128.075897,186.279297,66.809059,55.480473,159.183304,21.098742,104.407166,71.129761,73.490234,75.599998,149.933456,122.991051,97.367325,28.273748,134.814056
2020-08-10,225.901138,210.121368,623.975464,185.603607,82.198013,73.089218,956.560486,209.600815,139.652435,92.488647,261.126099,605.1875,194.722382,83.790031,130.873566,128.699966,184.89946,68.336571,57.768578,162.157364,20.745625,106.604691,71.413017,77.634018,78.400002,153.709885,125.287697,98.043488,28.490921,135.88063
2020-08-17,223.52742,206.624069,605.091248,190.686691,82.030502,73.517151,970.560852,218.112106,143.094849,91.872353,270.400543,631.69928,194.722382,85.071213,125.867966,131.964264,190.073868,66.906975,60.843994,158.003143,21.1164,108.509216,70.396645,76.589218,79.800003,151.506973,122.494011,99.63446,27.989759,136.819199
2020-08-24,220.06572,203.88295,676.255005,190.97171,83.014534,74.287415,962.702515,220.691269,147.045792,93.040543,269.139954,652.231079,186.712845,88.630081,127.870201,132.540329,190.160126,69.315742,59.810658,161.968552,21.593107,107.972046,72.695984,78.27153,85.800003,154.743927,127.635773,99.077621,28.006464,141.042801
2020-08-31,220.263519,193.958176,668.900146,190.59169,83.24485,75.357224,927.190491,226.795303,145.089905,90.143089,265.628265,571.698792,169.830536,89.939751,125.230896,131.820267,189.803268,67.846985,55.997139,163.243134,20.463133,112.415939,69.763481,73.773575,76.099998,161.532501,124.567848,99.077621,28.557741,146.034332
2020-09-07,227.97818,194.714355,678.441589,190.021622,85.673515,77.261467,945.990967,229.374481,143.486023,88.395409,272.561615,560.934631,177.024704,93.356262,130.145462,136.284668,188.135712,67.641365,54.766975,173.487137,21.875605,114.222794,69.830124,75.827751,75.099998,169.130341,127.687187,100.270844,28.958666,147.783508
2020-09-14,227.088043,198.967819,651.009827,205.223328,89.107178,80.577873,989.858643,237.112,152.248535,90.382233,275.893219,591.034485,180.429932,96.402657,143.660599,140.317047,200.672134,66.946152,55.824917,174.761749,24.665226,120.571228,67.797379,68.655815,78.900002,169.93956,121.174278,98.799194,29.251015,145.906342
2020-09-21,225.208801,188.381424,624.373047,196.957413,87.767204,78.695007,987.57074,225.935577,157.099213,87.825127,274.362457,576.084229,184.650528,91.961189,133.967926,137.484772,208.533463,64.929039,55.357452,158.333588,23.782434,120.180557,63.781849,65.822464,74.599998,158.924973,118.192055,99.23671,29.509947,142.23735
2020-09-28,226.494583,180.158051,688.778259,201.897964,87.97657,77.967552,966.979797,221.894882,161.558701,87.365204,267.699249,648.842346,187.863922,95.576996,147.255524,137.676788,212.374786,67.455307,58.432869,163.33757,23.835402,121.059563,66.780998,66.38913,81.900002,168.680756,122.459732,92.713753,30.178156,147.57019
2020-10-05,232.626755,191.595154,719.589478,201.802917,89.421227,79.82901,960.315125,222.066803,166.023621,89.038086,266.798798,753.693665,188.871109,97.228317,147.301025,135.852646,211.302795,69.91304,58.236046,168.577591,25.103308,121.499077,67.747391,66.902679,90.5,174.66011,123.076744,95.590942,31.806929,154.054932
2020-10-12,234.011444,186.065643,727.54071,201.23288,87.725334,77.924744,938.232056,215.103058,166.902084,88.055573,272.201416,712.82959,185.513809,97.65538,140.839249,136.236664,226.04277,68.062408,57.522545,164.895401,24.552954,117.299339,70.296669,69.452698,87.300003,172.681976,126.12751,94.650162,32.132683,155.932068
2020-10-19,225.901138,182.190247,746.226074,195.912277,85.191971,75.421394,905.206848,224.47406,163.867508,100.522385,245.548553,701.068665,170.406036,95.036057,143.842606,135.756622,224.107224,69.080742,54.32412,165.17865,23.807306,115.590149,69.680176,68.90374,82.599998,171.288284,128.115662,89.905396,30.219923,156.529358
2020-10-26,214.03244,170.611359,670.490295,181.470642,85.21376,73.025032,905.107483,209.084976,160.433624,92.022705,232.222122,658.809143,167.240631,92.587555,131.601654,128.267944,217.466782,65.291344,52.798714,149.647415,21.783415,117.934189,63.565254,63.856819,84.800003,163.825333,119.546066,86.346817,29.205866,147.740829
2020-11-02,227.78035,171.55658,688.579529,187.17128,90.570816,77.432632,959.4198,221.980865,168.818649,97.185555,244.432602,706.052063,178.559448,98.537971,140.475189,137.916824,244.147629,69.648666,59.663036,156.822952,25.245335,126.382469,67.880692,67.097473,98.199997,175.064728,125.510513,87.492088,29.668093,162.160843
2020-11-09,231.044266,188.286896,743.840759,205.03331,94.496407,81.369522,987.769714,231.351852,169.621933,95.239052,251.898285,647.24762,173.619461,100.16082,153.307739,142.621277,237.775192,70.804092,59.121761,173.439941,25.831196,128.62883,75.128624,74.198578,99.099998,187.023438,133.068909,87.655708,30.90069,165.531189
2020-11-16,226.296783,200.385651,759.544495,204.558273,96.513443,83.444954,949.770996,240.894806,170.447357,97.278236,250.88443,657.812439,177.840027,101.72673,159.587479,143.773392,241.140076,72.096596,59.392399,177.310959,26.044235,132.975052,75.745117,75.243378,98.599998,182.977264,133.840164,89.373642,31.628277,171.418625
2020-11-23,224.516464,210.121368,771.471375,196.482346,95.363953,81.733253,885.113281,257.057587,169.374329,98.390518,252.266953,687.912354,173.667404,101.442024,166.231262,142.813263,243.998749,72.977852,58.826523,185.241791,26.008732,135.807449,77.811203,78.112152,104,193.31749,133.960144,90.641647,31.516998,170.565353
2020-11-30,225.406601,207.663818,779.223938,193.029892,95.629799,82.381874,907.992126,253.360809,165.825058,96.768448,240.284988,731.367859,175.633835,101.157303,170.963837,141.949203,237.477417,72.70369,61.459076,181.370789,25.103308,132.291397,76.578209,78.27153,111.400002,192.41835,135.279861,88.596489,30.001923,166.512421
2020-12-07,224.813171,209.648773,764.116516,197.822083,93.487206,80.524773,912.96582,243.903824,163.637726,92.73642,247.750671,788.577637,178.367615,99.535706,165.594193,140.557053,232.028091,71.381805,64.190041,185.241791,25.014544,136.149277,73.729019,73.915237,119.599998,191.968765,132.811813,91.377907,30.169569,163.654022
2020-12-14,223.824142,212.673447,758.351868,197.24704,94.121246,80.827087,833.586121,246.225082,162.317047,91.670494,241.851837,788.577637,178.943146,104.351479,158.176804,141.517151,251.532516,67.151772,64.977348,191.473175,25.174322,139.811829,71.213081,73.80899,119,193.856979,124.396461,91.214294,30.187002,169.242828
2020-12-21,225.011002,212.200851,773.260437,193.413269,92.415909,79.725792,805.634155,247.772552,159.056702,90.873352,241.298813,789.375,180.717712,104.664932,156.993652,140.173019,243.820084,65.869049,66.048981,189.679276,25.529387,138.297974,70.829842,73.685028,122.800003,191.78894,123.40239,88.391968,29.655266,165.915131
2020-12-28,226.494583,213.902237,760.339722,194.084167,92.066093,79.531448,824.036743,250.523682,157.942398,90.502594,243.787399,832.03302,184.266846,106.83062,156.538605,143.821381,247.452957,65.820099,66.716888,190.056946,25.44062,139.958344,70.396645,73.136063,134,191.87886,123.505234,88.841904,29.602961,165.360535
2021-01-04,245.286713,219.762573,772.862854,205.77713,100.767654,87.262169,826.622986,271.758911,156.002686,92.189552,243.603043,807.913269,186.664886,108.597351,161.953766,149.053864,255.909836,67.063637,71.392265,203.841492,24.503393,147.429932,71.579636,74.906921,129.800003,206.535004,126.17894,88.023834,29.768589,180.121811
2021-01-11,244.495453,222.031082,731.91394,198.588821,99.718231,85.815353,857.957031,254.220551,161.037689,91.818794,244.52475,817.880188,187.432266,107.37204,163.86499,148.621811,249.924515,69.286377,68.967987,206.201859,24.860323,142.009354,74.228874,76.642349,123.400002,211.120697,130.72084,95.059196,30.431082,179.69519
2021-01-18,247.759354,223.448898,736.088196,201.368317,102.866539,88.449852,874.171265,255.338181,170.694992,90.187454,241.114487,869.109741,189.014984,109.19577,166.231262,150.013947,248.435623,69.443039,72.777565,206.768372,24.628325,142.595383,77.31134,76.766304,129.600006,211.120697,140.712982,94.159332,31.642744,185.497314
2021-01-25,244.099838,207.569275,744.039612,198.493011,99.565178,84.822021,855.370789,236.424225,168.961639,97.927071,246.368118,812.896729,207.000427,104.294495,162.909363,147.469711,244.653854,66.456566,69.141159,197.138046,24.503393,144.011551,76.111679,74.198578,123.199997,206.265274,135.211319,94.486549,31.991425,176.452835
2021-02-01,238.956741,223.354385,778.03125,208.269104,102.800949,88.190712,834.580872,251.383423,172.593445,103.164063,247.28981,907.98053,203.739059,105.063881,167.18689,152.654205,253.408508,69.443039,70.699608,201.481125,24.146463,147.039261,76.944771,74.357956,134.600006,201.859436,127.704353,92.359589,31.573004,178.841949
2021-02-08,241.824997,235.45314,773.45929,216.032471,107.610863,91.732162,851.491272,267.116394,174.409348,105.295921,242.865692,1034.061279,223.403152,104.607948,163.682968,156.206512,261.954712,70.167633,71.788063,204.030334,24.664015,148.015961,78.677612,75.243378,142.199997,200.151047,128.184219,90.191704,30.797194,179.353882
2021-02-15,247.957169,243.203903,759.544495,207.789871,111.589958,94.30188,836.072998,286.460205,172.180725,99.5028,237.796402,1074.427002,216.304901,104.009537,172.010452,152.174149,245.3983,73.48703,71.540688,213.377396,23.825222,150.115799,80.810341,77.031937,173,205.186295,125.11631,87.655708,30.204437,184.729385
2021-02-22,239.253448,246.984756,738.274963,202.901825,105.402664,88.406662,807.623596,287.57782,164.62822,97.695343,233.925293,1048.014771,204.986069,100.248093,181.111542,149.965942,233.695648,74.800179,65.628441,214.038284,23.557524,141.862869,80.960297,78.820488,158,206.894684,130.563858,87.164871,29.733717,184.558731
2021-03-01,245.088913,255.208145,770.875061,218.332718,103.894112,87.909988,806.366211,280.700012,173.583923,94.451195,245.077744,1015.62262,205.177902,99.991631,184.296906,154.286346,229.288544,79.328186,64.144196,217.059555,22.772276,143.327896,85.309059,83.743446,140.399994,214.177795,138.308426,90.723457,30.370062,191.55542
2021-03-08,257.452118,256.909546,823.751038,227.91713,111.589958,93.934784,817.625305,286.890076,194.384277,104.925163,249.778381,1098.845825,224.458298,108.768333,200.223801,163.983246,241.467636,81.925407,67.632164,228.011673,23.111357,151.678513,88.558144,87.355988,147.399994,226.316345,142.754044,94.691071,31.764776,202.64772
2021-03-15,263.881012,259.461578,806.854553,225.23349,108.201157,90.522903,841.23938,281.473785,202.225677,105.666687,250.239243,1210.474609,226.472672,108.853821,194.581131,161.583023,252.217392,81.915611,68.003235,222.724457,23.539679,156.268906,88.558144,88.329956,147.399994,230.542343,140.848755,92.195969,31.869387,200.087952
2021-03-22,268.925232,255.397202,774.453125,237.693207,114.388474,96.288544,861.864319,275.799591,204.041595,107.937592,248.395874,1297.186157,230.693253,112.387291,186.936218,166.5755,255.344055,83.620956,67.211632,221.402649,23.700298,155.682892,91.349014,83.973656,153.399994,218.313904,136.050323,94.936485,33.333843,195.139084
2021-03-29,263.289703,251.427292,813.016846,240.760223,117.842842,99.419701,865.650574,276.401428,202.603302,107.798561,257.876404,1275.757568,232.995377,115.721291,177.853333,168.879684,256.832947,84.875458,69.734856,228.10611,24.797863,152.704025,89.141304,88.314865,151,231.257904,137.578934,98.126945,33.115921,179.481888
2021-04-05,271.429443,256.43692,786.181274,247.660995,120.903717,102.399704,852.398682,280.442139,207.297455,112.064392,262.599396,1350.110229,244.122375,119.824692,182.067154,171.543961,271.453827,85.679138,73.297043,229.239075,25.512714,154.169037,93.79998,89.01622,170,235.783325,141.407059,98.045143,33.447163,188.305801
2021-04-12,279.588287,266.172638,822.359619,245.073212,121.99688,103.824921,858.675964,292.736176,210.398941,111.204239,264.772003,1404.927979,256.496338,123.814102,189.894073,175.480316,286.253357,86.149574,75.943954,229.805557,27.074171,151.922668,93.713493,89.55146,172.600006,236.614532,142.611206,97.308876,31.817081,192.575363
2021-04-19,272.921906,275.246735,874.837891,242.964615,119.285812,101.730278,877.308105,287.835754,204.195969,111.260338,262.221588,1444.79541,262.82724,121.391953,189.484528,171.399933,278.779144,83.160309,78.615593,216.398651,28.518963,154.315536,90.253838,86.930618,160.899994,211.586227,136.770172,94.813782,31.384129,188.08342
2021-04-26,272.722931,270.709656,848.996277,231.271652,112.158417,94.906509,892.951233,283.537079,199.166504,108.399361,260.993591,1667.262573,277.900726,115.037399,190.030594,172.552048,278.719574,86.208382,76.636597,197.610123,28.967655,145.037079,93.972977,90.603485,133.75,201.888901,133.66095,91.721107,31.36175,183.99176
2021-05-03,280.782257,289.90332,858.537903,247.034607,115.030792,98.044266,897.136047,311.360718,199.082672,108.81073,271.762054,1604.042114,283.623657,116.437943,192.715408,174.448212,250.758286,84.228607,80.396698,217.757538,29.84709,146.697418,94.578407,90.824966,131.449997,210.108536,134.972916,93.901939,32.480537,193.375916
2021-05-10,282.772217,290.481018,839.25592,245.295593,115.118835,97.347832,921.049011,312.673859,199.753281,103.088776,276.485077,1428.740234,271.013855,114.983528,192.851913,177.644119,244.743195,86.610222,77.675575,222.044098,30.089386,145.671921,95.270348,92.006187,128.100006,212.325043,138.765091,93.356743,32.793797,196.5336
2021-05-17,278.195313,287.977692,846.610901,247.80748,112.961739,95.367363,953.530823,298.771271,191.62233,105.837563,282.530518,1417.173096,279.064758,114.344734,194.672134,183.679153,267.700012,86.757233,85.49736,208.993881,31.202154,140.739685,95.054115,91.009537,134.699997,201.427124,139.070633,93.901939,33.738045,190.084778
2021-05-24,282.175201,298.472382,872.651245,247.517654,111.817154,94.300941,946.755493,299.219696,198.328247,104.098526,271.667603,1545.009888,285.854645,118.626678,195.536758,185.869278,300.899994,88.442978,86.944275,210.613266,32.709755,135.758606,92.848579,87.705795,149,207.799652,137.057739,94.950424,33.026505,194.932526
2021-05-31,287.747101,294.428558,890.190552,247.421051,112.213348,94.453293,940.976563,310.072723,198.495911,101.723732,273.084503,1558.770752,301.37439,121.471313,190.485657,189.568192,314.799988,90.314941,89.639221,214.518799,32.952049,133.951752,93.756744,86.4692,157.149994,211.493851,138.639297,94.363274,32.534233,202.804535
2021-06-07,285.160126,289.90332,867.314087,250.222778,112.697601,95.410881,975.650391,314.28833,196.148819,102.696091,272.423279,1565.551514,299.337433,122.269814,191.805298,190.687576,321.399994,91.84388,87.928772,213.661484,35.195522,135.172592,94.102715,86.690689,156,203.920731,138.387695,96.58606,32.726662,200.136078
2021-06-14,282.274719,281.911957,832.701111,253.02449,114.590561,96.629631,992.190186,277.962189,199.501785,101.087967,269.967285,1444.495483,306.224335,123.267937,181.329956,189.762848,318.200012,92.647552,88.406113,204.802582,33.364853,133.365738,93.497269,88.185669,142.360001,197.178772,136.770172,97.089325,33.147331,196.044388
2021-06-21,288.344025,291.443848,842.050537,259.110992,115.162872,97.848389,987.507263,289.712128,197.741486,99.573326,263.260651,1473.213989,319.125122,125.563622,183.568832,191.855652,328.799988,93.784454,89.53978,205.945663,32.817448,134.391266,98.167801,90.732681,145,200.041794,144.947632,98.305557,32.780369,191.730347
2021-06-28,292.52298,297.894684,834.491516,251.961746,116.175385,98.370712,1031.248047,293.658691,199.753281,102.808289,269.022705,1445.891479,312.335236,127.060806,184.205902,194.581146,351.399994,93.872658,89.917664,210.518005,33.571259,140.837341,96.135262,89.662209,139.449997,206.321945,143.689545,99.941193,33.921528,183.324646
2021-07-05,306.751129,300.205414,819.373108,259.207581,119.521095,99.828865,1021.284302,298.233093,200.759155,104.846497,270.722992,1418.768677,319.901093,130.953461,180.547272,199.740143,343.899994,93.500229,89.838104,212.899429,36.816509,146.355606,96.654213,90.991074,141.25,203.736023,147.194183,103.321823,34.382469,197.241455
2021-07-12,304.661682,304.34552,787.147217,260.077118,123.0429,102.962799,990.894897,301.641449,200.926804,97.086319,276.012787,1404.409424,343.471771,132.600372,172.920563,205.677826,351.799988,95.793625,93.418114,206.517212,38.117832,147.722946,101.584221,91.452492,169.449997,198.841171,151.974838,112.057472,35.635506,194.542725
2021-07-19,316.700867,337.755188,808.233398,267.516144,129.029953,107.424309,1010.523438,287.918274,190.281128,95.328598,266.661194,1499.539185,350.552643,139.4375,170.62709,210.447433,377.299988,97.871407,100.786942,216.138153,38.858852,155.292221,99.16246,88.794746,175.149994,212.325043,147.553619,109.862808,34.838928,194.496185
2021-07-26,312.322968,346.03537,857.168884,266.743256,128.105484,106.401413,984.119507,300.92392,189.275223,92.439575,265.905548,1495.350952,362.87146,142.232239,163.92868,207.624603,375.5,98.890694,102.228889,213.661484,38.976337,156.268906,100.805801,89.606834,173.899994,211.309143,150.752716,108.830009,33.823078,188.679901
2021-08-02,318.093842,351.427124,851.599121,267.516144,131.275085,109.426537,976.547058,295.990723,186.257568,93.645683,264.299683,1378.483032,364.520416,145.276505,164.183502,209.766083,393.700012,101.791756,103.67083,212.042114,41.136177,158.661774,102.795105,91.637062,170.449997,207.707275,152.7836,108.70092,33.550091,188.307678
2021-08-09,324.362183,353.834198,848.615173,278.143372,132.727829,110.775864,1005.740967,300.92392,188.353149,93.870064,264.960938,1404.209839,359.573517,146.524155,163.965103,212.199539,369.600006,102.144585,105.063057,216.709702,42.157341,162.617325,103.443787,93.667282,170.699997,211.863281,153.466553,111.713226,34.216885,188.819489
2021-08-16,329.237549,339.680786,790.926819,266.066956,131.891403,109.64418,1043.692017,266.92981,185.503143,93.327782,267.416901,1386.859253,356.372528,147.07312,159.177933,202.757645,350.450012,100.41964,118.836113,202.992691,43.332142,160.224457,100.805801,90.566574,176.850006,195.516373,152.172531,113.391495,34.436169,179.569305
2021-08-23,322.86972,337.370056,778.39447,270.41449,132.111526,109.426537,1016.971497,277.962189,185.670792,96.300964,262.31604,1441.304565,340.367767,148.370682,157.576141,199.253433,340.5,101.007683,118.537773,212.708923,44.082203,151.48317,101.627464,90.972618,192.149994,202.720093,151.130127,112.659935,33.626171,184.352615
2021-08-30,319.586304,338.81427,748.555664,265.390717,130.130524,108.36013,1006.00415,269.082489,182.653107,96.226158,260.237915,1469.225342,354.335571,149.867844,159.869614,200.421494,343.700012,103.497108,124.106667,210.232224,45.455826,151.580826,102.276146,90.806511,200.600006,202.535385,151.363785,112.229607,32.865395,178.936493
2021-09-06,315.208405,334.963013,745.969604,265.680542,131.054977,109.252426,971.506897,269.800018,172.761841,95.627785,255.325958,1467.430298,359.767487,150.06749,156.702423,198.182709,339.350006,102.909058,125.747498,209.851196,46.178776,148.357788,103.573532,88.056473,187.050003,193.946335,150.968384,111.239861,33.026505,177.112503
2021-09-13,308.741058,327.549377,725.683594,261.139832,130.790848,109.426537,961.137756,256.345917,171.755951,92.046883,253.153397,1454.267822,358.215515,146.923401,158.067581,192.575958,329.350006,106.829399,123.509995,202.040131,47.895794,133.902924,106.298012,87.908821,182.050003,187.850876,153.286819,110.465263,32.735619,177.912811
2021-09-20,301.17926,326.201416,757.139893,252.154968,124.583672,104.507988,1044.290161,250.426086,172.091263,94.30014,254.853683,1477.401855,366.945374,142.930908,161.635223,189.480576,319.399994,107.966293,119.631668,198.991898,46.178776,134.977264,106.341248,89.699112,181.199997,195.516373,153.772079,112.78904,32.63269,179.867081
2021-09-27,287.150085,311.085236,742.208069,242.88031,117.011795,98.283661,1036.912109,251.41272,168.486816,91.700951,255.231522,1391.845215,340.852783,133.598495,164.420151,184.944565,306.25,110.965355,109.040833,189.894867,45.103382,133.756409,107.984589,90.954163,171.300003,189.328568,158.103455,111.110756,32.162804,181.002426
2021-10-04,287.34906,309.833557,802.731445,241.23793,117.716164,97.674271,1058.248657,262.893585,158.791885,96.77359,250.414063,1265.204956,339.009796,129.057037,152.333923,182.686279,308.200012,103.555916,104.864159,197.467804,45.379818,134.781921,109.065735,94.590118,157.949997,196.532288,163.171661,107.582062,32.131477,183.310318
2021-10-11,296.005371,319.557983,824.432312,246.454941,122.382538,102.87574,1038.507324,294.734985,177.383987,99.90934,254.570313,1380.876343,363.06543,135.993973,153.389633,191.699905,319.5,106.250565,114.85833,202.230637,48.976768,134.440079,111.055038,96.804909,168.5,203.089523,166.298859,113.445763,32.699814,186.911758
2021-10-18,282.274719,327.838196,795.763306,241.527756,122.734718,103.811577,1060.84082,268.275238,183.032272,94.138435,267.605804,1523.072266,397.014923,138.888519,151.988068,194.250183,331.450012,108.933464,123.609444,214.137772,50.90242,135.612106,119.358215,91.692429,175.75,202.165955,173.469849,107.410011,32.104622,188.540314
2021-10-25,282.473694,354.026764,826.224121,242.976929,122.282478,101.889725,1064.430176,271.683594,181.958633,88.783112,262.410461,1385.263672,372.76532,137.740692,146.545624,192.634369,336.649994,103.626846,127.139717,207.184006,52.319393,130.777542,116.114784,90.751137,162.850006,183.787247,167.359253,106.749153,30.24744,186.046295
2021-11-01,294.214447,355.759827,869.426697,246.454941,121.174438,101.736168,1083.772583,267.109192,187.653595,89.727615,268.739319,1353.952759,377.227234,142.731293,163.054169,203.585022,343,107.532822,130.222488,210.518005,54.662868,130.435699,121.347527,94.174843,122.050003,192.099228,179.263443,106.661049,31.679193,191.51825
2021-11-08,305.15918,371.935059,886.150208,260.077118,125.650894,105.662598,1028.138062,276.796173,188.120392,91.09713,279.41333,1417.771362,407.393768,137.491165,158.149277,214.149902,362.450012,108.677002,136.089722,215.947647,57.297012,136.34462,122.212448,93.667282,122.699997,198.74881,180.253128,108.819817,32.02924,193.146805
2021-11-15,318.292816,362.78833,924.972717,261.816101,128.177216,108.579994,1017.569702,280.473663,199.977097,92.75946,285.269867,1437.315918,394.880951,140.036377,152.84671,210.775543,364.799988,107.513107,128.283325,221.377289,61.511627,142.155884,117.541893,91.932365,126.599998,195.978149,178.796616,109.436607,32.268745,195.008011
2021-11-22,308.741058,341.510193,865.444946,247.227814,122.725693,102.416168,1020.36145,271.235138,192.414948,87.611931,278.185333,957.279907,373.638306,130.005264,150.896118,200.848053,319.799988,104.139755,122.316666,216.614441,59.295322,144.060394,114.774582,87.834991,118.25,190.252106,171.327301,113.577919,32.586555,184.948196
2021-11-29,320.879791,330.822937,887.77356,252.522873,123.612114,104.061317,986.761475,281.191193,193.068481,86.610756,269.211639,932.350769,363.550415,129.007141,151.710434,206.276382,309.350006,105.777115,125.150833,218.329071,60.040142,146.209091,117.224174,88.130302,106.400002,192.653366,171.570053,112.080002,32.020023,183.496429
2021-12-06,329.834564,342.569244,925.428162,262.351318,130.880814,109.632904,980.679565,305.139526,198.763428,89.670952,274.217987,1121.812378,373.832275,135.095688,156.710007,213.90538,313.049988,105.895477,127.288887,223.663467,60.639648,150.604156,115.487183,87.336662,106.599998,187.389099,170.673737,112.344345,32.20887,186.213806
2021-12-13,335.107941,329.089844,887.972717,258.848114,131.235397,109.896133,1030.531006,308.278839,198.203262,91.578835,273.934631,1167.682007,363.06543,133.798126,159.266602,211.949219,302,103.824127,123.609444,224.90181,57.242512,152.411011,109.652695,86.340012,102.349998,192.376297,165.258484,108.203026,32.305592,184.445648
2021-12-20,342.271759,346.998199,915.466614,268.384583,137.972214,115.599312,1047.680054,316.889465,200.070465,93.127823,271.195282,1210.759521,376.548248,142.332062,168.659744,216.350571,310.149994,106.684563,130.421387,239.952408,56.842842,152.606354,110.988846,89.034683,112.449997,194.869888,168.246216,110.493965,32.383892,193.379456
2021-12-27,343.664703,350.849457,936.385864,268.773895,138.681351,116.739952,1059.644409,313.929535,204.925186,94.25177,279.035492,1282.555664,383.24115,143.380066,168.621872,222.756973,322.75,108.992638,135.99028,240.619232,60.330811,157.001419,112.102295,90.308182,115.099998,198.102325,170.020187,113.754158,32.614189,195.101074
2022-01-03,343.167206,346.805664,954.117493,264.297516,135.933441,114.941254,1031.927002,330.702393,202.96463,94.695686,277.051819,1181.442993,349.776642,136.343338,166.425079,220.507401,300.25,111.655807,121.073608,242.333832,56.441006,161.10347,113.839279,93.067444,103.199997,213.156265,172.260971,112.6968,32.388496,203.0112
2022-01-10,332.421509,321.002228,953.519775,253.593277,128.886353,108.579994,1046.882324,332.675629,195.122391,96.754707,262.693878,1284.350586,322.811066,131.202988,166.633392,204.075714,279.700012,113.450981,101.333885,235.761108,55.748032,154.217865,113.88382,95.282234,101.050003,212.325043,171.794128,110.934532,32.968838,205.756485
2022-01-17,335.406433,306.848846,917.060425,250.868561,128.265869,108.667732,1084.968994,346.219452,185.226227,97.17028,256.459503,1240.674561,322.035095,122.569252,163.470779,199.283127,277.850006,104.8302,90.494446,233.189163,51.480766,152.411011,107.782104,93.62114,94,195.793442,171.159256,116.75,33.714989,200.172867
2022-01-24,313.516937,298.183533,886.179749,239.67778,116.875275,100.441986,1107.30249,344.246185,169.448395,106.74752,249.18605,1116.826538,340.464783,120.123848,177.71199,193.228836,264.950012,108.006287,83.652672,228.235809,50.040108,158.466431,106.445961,91.434036,88.199997,187.481445,167.947433,119.966125,33.443249,192.541916
2022-01-31,308.243591,284.415253,914.869019,257.875,116.786644,100.507797,1026.941772,345.143127,173.649597,107.446465,246.635635,1065.572144,357.342529,128.358353,161.671707,193.952621,247.050003,107.355286,85.701218,223.18718,48.125305,156.952576,105.109818,91.064903,95.32,175.013489,157.583771,120.538879,33.945282,190.448059
2022-02-07,322.670715,278.73468,939.772827,260.891632,113.285255,98.665215,1075.796387,363.978882,172.48259,110.298851,254.759247,1073.150513,361.707458,124.016533,174.057022,196.984634,259.549988,110.334091,86.974106,226.7117,43.12859,160.566299,111.211533,90.566574,100.099998,177.368546,160.123337,118.952827,35.000027,201.801422
2022-02-14,321.078766,282.971069,935.389709,261.475525,109.473618,95.484596,1120.66272,361.915924,167.441162,88.905899,249.18605,989.089539,340.464783,121.920471,164.663864,190.001175,237.949997,107.828735,76.771111,225.949631,37.639496,159.833786,105.510658,87.908821,67.080002,171.965744,155.174927,115.163963,34.272301,191.192535
2022-02-21,313.616455,291.251282,859.084229,244.932587,108.587196,93.905243,1136.415771,376.984558,160.392471,89.944855,238.606522,1027.67981,352.298615,123.667183,157.164505,187.712494,235.550003,105.047211,79.475998,206.707718,39.481354,157.782761,98.651794,84.069847,74.5,165.454697,145.614212,110.097458,32.738544,176.200516
2022-02-28,309.835541,279.793793,760.464966,234.617599,101.030403,87.938828,1134.071533,411.15799,142.467361,76.032341,214.613617,960.271362,340.658813,119.275452,132.318176,177.931717,231,91.573547,88.286774,177.892471,37.356838,151.385498,87.8825,80.249329,73.559998,141.857895,130.115387,109.348495,31.992393,152.786514
2022-03-07,318.292816,300.39801,712.051697,239.093903,109.030411,94.387825,1172.406372,393.39859,146.01503,77.637993,217.06958,998.363159,323.587067,124.365868,137.298798,187.360382,240.850006,98.813423,93.537437,198.134583,39.599884,166.768219,91.481171,82.907074,74.540001,149.477219,133.738007,110.053406,32.558918,160.640808
2022-03-14,328.342102,308.581909,727.803528,259.626587,117.584412,102.481979,1183.187988,393.757355,148.162308,80.632065,219.242172,1070.358521,365.878418,134.99585,134.38237,204.613647,248.399994,104.593475,101.681946,206.421951,43.62096,172.823639,97.003899,87.281296,82.480003,152.709656,142.775864,112.432457,33.774864,170.654114
2022-03-21,318.292816,291.636383,723.416687,244.154083,107.634293,93.312996,1222.92041,440.129272,135.605392,81.689903,201.294739,1040.842529,346.963684,131.602249,133.397629,198.256149,237.850006,96.219299,94.969444,193.085953,37.730679,177.121033,91.792938,81.725853,77.720001,137.609543,144.549835,118.380104,34.147942,164.940201
2022-03-28,305.258667,316.091858,713.84552,249.214294,109.695229,95.703949,1238.893311,439.770447,133.262054,84.098389,221.455017,985.200562,367.915375,134.746323,123.644676,204.760376,252.5,98.537903,101.632217,194.610077,37.530075,178.879059,97.105515,84.679085,66.389999,148.895828,132.16011,126.927086,35.354683,162.613708
2022-04-04,303.250031,307.330261,704.872681,249.895447,105.2631,91.887199,1344.713379,450.264679,140.484238,88.331055,225.064636,1011.326355,361.707458,135.295288,124.989258,205.396118,243.600006,98.071182,103.263107,188.656525,34.208458,189.532516,99.740158,88.986122,63.220001,146.192139,147.025284,130.319427,35.244141,148.003204
2022-04-11,295.369537,297.316986,700.087097,246.003006,102.936234,89.276878,1298.791382,452.417328,145.853424,80.625092,224.18663,987.095215,336.099884,132.251038,122.14859,203.782288,237.100006,97.673973,105.162498,182.75058,31.915667,199.156448,100.022446,89.512321,58.240002,147.640533,147.545319,130.407547,37.526932,147.568054
2022-04-18,302.452026,306.559998,688.521973,249.895447,106.725693,91.799446,1261.854248,416.270599,150.202667,78.612343,257.843872,917.980469,334.159912,128.657791,120.444191,193.659195,192,99.759323,101.781387,192.60968,30.640873,188.157684,103.03347,91.75354,53.509998,153.77211,149.483597,128.86557,36.429874,157.707794
2022-04-25,298.761139,266.60321,734.98175,244.251404,100.14399,86.447227,1315.263306,386.76123,145.526276,76.053268,254.624496,1024.926758,277.997742,128.258545,118.531471,186.949585,195.100006,98.329361,96.898666,179.321335,28.476477,188.697784,104.96241,97.424797,44.355,156.765488,148.396255,114.811516,38.661819,153.295837
2022-05-02,287.688507,251.883774,720.42572,228.053452,93.738098,80.22184,1267.344849,360.871338,145.776443,73.810493,246.819916,1021.331909,288.846893,117.678459,115.501434,169.011658,169.699997,95.757431,84.090218,174.475418,24.830246,175.980453,100.7752,95.32,41.080002,156.427521,144.28334,124.840225,37.79174,152.502457
2022-05-09,289.184814,254.344528,737.573914,228.838486,97.024414,82.060257,1264.349976,332.546051,151.876923,74.318474,259.112122,1002.958374,287.371674,117.67939,125.746605,174.932571,173.25,97.872574,89.5,183.018555,25.796585,171.806808,101.951378,95.164093,45.384998,164.007507,142.959641,127.635872,38.605076,157.59169
2022-05-16,291.179871,246.568527,755.320374,228.151581,101.931885,89.13131,1306.777832,369.918518,141.234772,74.395149,248.283264,979.292358,281.274109,114.682457,122.051033,173.878525,171.75,97.296623,85.542107,187.55864,25.953041,173.574478,101.433861,95.612335,47.314999,163.766098,140.17041,124.020805,38.359184,157.80455
2022-05-23,301.454498,249.226151,764.692078,237.081406,105.393883,91.644264,1317.759155,391.018341,146.007385,78.018105,247.697922,1015.939697,275.37326,120.676315,128.858658,181.71431,191.5,103.036308,88.339996,196.834061,25.161562,177.699005,104.96241,95.943642,46.845001,168.545822,142.912354,117.272697,38.406471,167.828186
2022-05-30,306.541901,263.104858,779.30835,239.14212,110.154099,95.943764,1284.31604,397.731934,146.565475,77.462196,252.087997,1005.155151,276.750122,120.176826,132.067978,182.41037,194.600006,97.326408,86.279999,202.887482,23.468172,174.261887,102.751183,94.462494,44.575001,174.387726,139.934036,117.320892,38.179493,173.188309
2022-06-06,291.179871,242.926605,761.546936,230.31044,103.879257,90.976761,1225.41626,369.726685,138.001709,73.206657,252.283127,934.656494,269.07901,116.630463,132.165222,175.250793,173.850006,95.836876,79.339996,189.901901,19.728222,164.490662,102.70414,93.449066,39.744999,162.945328,141.399567,113.320229,36.912201,165.506104
2022-06-13,273.024811,247.257538,700.080322,213.628387,95.145607,83.202309,1238.893311,335.295593,130.477142,72.593246,252.868469,897.410095,211.840714,104.992386,121.175766,166.3013,160.949997,93.006752,70.300003,175.695862,17.547487,153.00087,97.575981,87.388031,39.860001,159.614014,128.11528,109.126747,36.382591,160.04921
2022-06-20,264.146729,242.434448,743.386353,208.525635,92.77533,82.417015,1304.78125,316.977081,129.553406,74.941467,255.795197,959.920166,226.59285,105.591774,118.141518,164.670502,162.449997,92.649261,72.279999,163.540192,15.265115,150.545776,95.599998,84.776527,38.43,144.309219,123.718712,109.994362,36.959492,152.173508
2022-06-27,270.131927,242.434448,742.987183,213.137741,90.965652,81.641533,1341.219238,300.768585,133.190598,73.283333,268.380066,919.178772,237.0177,106.141212,120.747864,168.807144,166.600006,90.405022,77.839996,162.075653,17.334959,147.501465,95.129532,85.88739,34.224998,147.254303,124.380562,114.284241,37.508018,154.534286
2022-07-04,284.795685,262.612701,804.852844,227.072159,100.712326,89.631935,1408.105591,313.284607,140.984589,77.030891,267.697174,926.568176,241.541687,112.584602,127.788887,178.930008,158.550003,94.28775,83.959999,171.692795,16.777546,154.915833,100.257683,90.116478,36.200001,159.951965,126.507935,117.031693,38.179493,163.764542
2022-07-11,281.503845,255.820999,778.310486,222.460052,98.981331,88.414726,1398.122437,293.959106,134.903351,70.417564,266.526489,897.210327,235.739182,109.337929,126.758018,172.446609,158.600006,89.620537,84.720001,163.296097,14.002208,147.305069,97.105515,82.301445,19.92,156.427521,121.874977,113.320229,37.422901,160.281433
2022-07-18,291.977936,294.208923,840.176208,227.857193,108.403442,96.758514,1333.731934,299.090179,138.675262,72.593246,248.478378,938.351196,226.887894,116.780312,130.764801,182.032501,177.649994,95.727638,93.660004,171.839249,16.289419,144.948196,101.245674,86.511032,27.4,163.910934,129.533539,110.331764,35.124756,171.19519
2022-07-25,306.442169,297.260254,872.306458,234.431885,116.074883,102.854393,1354.197144,323.163208,140.368774,73.676308,251.697769,976.995667,224.527557,118.828209,125.76606,187.74028,181.949997,99.213165,101.800003,181.749283,17.446974,145.193695,103.174614,88.791237,25.43,164.345459,132.559128,111.777794,35.436852,175.665192
2022-08-01,300.556702,279.345886,803.655518,224.815186,112.553886,100.792984,1344.713379,323.738617,141.542679,74.797699,251.112427,958.32251,216.856445,116.031075,125.629898,180.441483,173.399994,100.315414,96.800003,172.327423,15.877993,143.818848,103.880318,89.492828,24.565001,159.324326,131.991837,110.331764,35.569252,174.29129
2022-08-08,310.532013,296.37439,861.330322,230.212326,113.49807,101.754974,1333.232788,325.560913,150.31813,74.653931,251.307556,988.778748,220.200256,120.176826,129.539429,182.450134,180.300003,101.765236,98.559998,179.113129,19.139698,149.465546,104.538979,89.687721,24.395,161.352097,133.362808,110.187172,35.313904,176.516617
2022-08-15,314.72168,302.67395,866.519043,234.431885,114.776634,102.559906,1410.405273,342.440765,139.733704,77.481361,258.526794,923.073181,212.135757,118.878159,123.976624,182.310928,169.949997,101.70565,100.900002,180.480042,16.285118,158.843964,105.29174,89.005608,20,155.60675,133.930099,114.043236,36.637939,172.85936
2022-08-22,302.452026,286.432892,841.174011,216.768539,109.662346,97.347488,1425.388306,350.976624,131.381622,74.404724,240.868912,869.84967,202.104309,114.732407,108.124573,173.242126,154.550003,100.077087,99.860001,166.371628,15.695484,155.161331,100.7752,86.179726,18.796,159.324326,128.351654,109.65696,35.928638,165.738312
2022-08-29,299.060394,281.90509,834.787903,213.628387,109.013214,97.367126,1319.508057,318.799347,126.859184,76.014931,227.893799,839.293579,200.629089,110.636604,109.758408,170.239059,154.850006,98.478317,104.550003,163.198456,14.974821,152.706253,99.975395,84.932442,19.794001,154.83429,132.370041,110.090759,35.70166,164.035446
2022-09-05,301.753754,287.318756,794.874512,215.983505,109.957397,98.13279,1293.537476,338.268768,124.60759,76.149109,225.845093,889.221802,202.202652,113.883278,109.038742,172.347183,153.850006,101.368027,110.599998,161.587479,14.380407,149.36734,100.587013,85.575569,17.844,152.806519,136.010223,102.957039,33.791264,163.667801
2022-09-12,291.578888,269.798157,792.716187,208.133118,103.997269,93.411194,1247.089966,326.615875,117.429428,69.727478,227.503571,854.871155,181.647995,108.688606,105.634933,168.886703,148.949997,98.806015,108.849998,151.384521,13.273495,149.072739,103.786224,90.428299,16.468,142.715973,143.62149,100.11319,33.412971,160.436234
2022-09-19,288.187286,259.955078,743.783081,200.969666,101.322098,90.427055,1236.102417,312.565308,113.676765,64.638092,215.504013,790.86322,177.714096,101.995461,101.258598,159.738342,141.699997,100.633179,98.440002,146.307465,12.449201,137.533829,101.527954,92.572067,14.654,144.116089,143.432388,96.401718,31.965986,153.411942
2022-09-26,280.613342,274.03064,759.162109,205.778015,103.072769,91.546104,1236.102417,332.370361,111.8293,62.7691,215.406464,885.5271,188.532333,104.592796,100.61673,162.661835,147.600006,95.002731,100.099998,148.943619,11.460048,139.448792,100.49292,89.278458,15.056,145.081696,138.846725,92.545654,30.292027,152.947525
2022-10-03,280.406525,268.321686,814.686157,204.894836,104.252998,94.127769,1249.587158,343.927338,116.300003,67.200058,217.45517,896.411499,186.909607,103.493927,101.472549,162.761276,143.75,95.211266,95.279999,149.480621,10.700092,138.17215,101.057487,88.791237,16.129999,147.447418,135.253815,89.75,30.225826,157.572342
2022-10-10,286.890503,270.191864,812.089722,205.09111,103.820244,92.8713,1251.584839,342.296906,123.019997,69.436478,223.503723,916.682373,198.563782,102.295158,109.252693,163.258469,148.449997,97.465431,93.699997,152.995514,11.58297,141.412872,102.233665,90.233406,18.417999,155.992996,139.50856,87.860527,30.500092,161.771423
2022-10-17,303.549286,273.440063,841.848999,207.348099,107.557617,96.10083,1229.110229,309.160583,121.080002,59.738808,217.064941,945.241272,205.44812,104.393005,107.852272,170.099854,137.75,104.287514,81,166.225189,11.055163,135.471558,109.149612,100.757393,27.975,162.124573,150.381821,87.199997,26.717134,165.6996
2022-10-24,303.948334,270.78244,873.405823,221.871292,117.693604,106.475189,1284.048218,313.860077,136.679993,60.002491,226.820663,1026.524414,217.053131,108.838448,107.677216,180.540924,139,105.67775,91,171.399887,12.182752,130.168579,110.937408,100.65995,24.665001,157.006882,157.898544,89.779999,27.46427,175.123367
2022-10-31,308.936005,275.703979,898.172058,220.301208,120.332825,108.061119,1331.494507,336.638306,134.520004,58.713375,225.649979,1013.143677,228.363113,108.039268,112.831558,179.785187,135.550003,105.578453,88,173.254974,15.779559,131.24881,110.937408,101.731834,37.599998,160.38649,157.66217,90.800003,28.51417,179.902985
2022-11-07,325.096008,296.768097,914.949097,237.768295,133.171768,118.94455,1300.529541,369.247131,151.759995,61.897106,233.454559,1031.916748,243.80368,125.721146,120.417206,193.160004,165.75,104.744308,98.720001,191.415253,18.227278,136.158981,111.454926,101.293327,40.055,178.201843,155.487518,90.879997,28.504358,185.998444
2022-11-14,325.694519,291.748138,921.5401,235.315048,128.448944,115.772697,1378.441406,354.764984,141.899994,63.40107,241.942047,997.566101,231.903625,120.976006,117.699997,191.479996,157.149994,107.584358,98.860001,186.386993,17.017931,136.158981,111.172646,103.437111,33.389999,167.290543,156.953049,93.260002,28.671164,185.862991
2022-11-21,328.886658,298.047699,916.946411,239.043991,130.413483,117.35862,1382.43689,354.285431,145.759995,64.055389,254.234268,1033.314819,227.182938,121.825134,119.300003,195.240005,167.550003,108.696548,103.849998,189.80426,17.361385,137.337433,112.348824,101.634392,34.825001,170.71843,158.513107,95.559998,28.896845,188.92038
2022-11-28,326.492554,301.492767,886.622803,239.373917,131.266769,117.794746,1424.389526,365.410828,152.220001,66.711754,259.112122,1086.837769,246.459076,120.426575,120.699997,193.199997,151.550003,108.736267,105.050003,188.876724,18.091835,140.087112,112.960442,102.024162,35.139999,168.932068,159.64772,93.959999,28.317928,187.217529
2022-12-05,321.804169,303.264526,825.062866,234.325089,129.976913,117.616333,1439.871948,382.86615,148.380005,66.106262,260.965729,1071.459839,237.50943,119.427597,117.599998,193.899994,151.699997,107.7631,104.699997,184.873657,19.245138,142.247604,111.737206,100.026558,36.974998,167.000854,160.356842,94.080002,27.758635,188.185059
2022-12-12,311.928589,294.7995,794.083008,226.702347,125.55175,113.314507,1407.908081,376.296417,140,58.361797,266.233795,1002.958374,213.21759,113.23394,111.440002,189.220001,143.449997,106.432449,99.099998,183.116196,17.868052,131.592529,110.561028,100.465057,39.150002,154.013519,161.775101,86.5,26.227934,183.715073
2022-12-19,316.91626,297.063385,781.491272,222.841476,123.051422,110.241776,1426.886719,380.468445,140.360001,60.246643,268.867859,1005.754333,208.300201,109.687576,112.5,189.440002,144.25,111.675621,98.540001,185.117737,17.960505,132.672775,113.430908,102.754997,37.514999,154.254913,168.77179,85.279999,26.296619,183.347397
2022-12-26,315.419952,296.37439,795.881897,221.455521,122.138611,110.122826,1401.914917,375.241425,140.779999,59.475128,266.624023,1013.942566,212.725845,108.888397,112.239998,188.559998,143.199997,110.90107,97.099998,183.946106,16.91431,129.579361,112.866341,102.41394,38.23,153.675552,167.637192,85.099998,26.159248,182.360519
2023-01-02,337.166168,306.020569,822.264709,225.316391,129.976913,114.840958,1466.342041,391.929474,157.259995,62.277981,276.184662,1093.428345,216.856445,112.9842,127.279999,194.080002,151.350006,116.640755,95.959999,193.660889,19.260622,137.681137,116.912407,105.532166,46,169.511429,173.215637,90.379997,27.003096,186.733765
2023-01-09,347.440735,316.946381,823.863708,243.036789,132.576447,115.574448,1483.322876,429.141937,157.740005,62.63932,281.160095,1126.980103,220.790344,120.326668,129.860001,206.149994,168.350006,118.110435,105.449997,204.547287,20.813028,142.591309,120.676186,106.360435,52.959999,179.360565,176.808548,94.160004,27.130653,193.274277
2023-01-16,346.941986,323.049072,839.053772,240.660873,131.445358,116.446716,1423.890015,434.27301,150.399994,57.619583,281.647858,1156.138184,224.035812,118.02903,125.800003,202.350006,153.899994,118.090569,106.099998,209.722,18.63868,141.903885,117.382881,106.019386,44.465,178.250137,178.794098,93.760002,27.356333,195.489929
2023-01-23,356.618042,318.816559,951.180786,244.620743,122.912514,110.340889,1355.467407,452.159912,151.639999,59.02589,260.673065,1181.302002,226.986252,117.329742,125.800003,204,167,120.35466,111.400002,213.334518,20.000097,141.461975,116.583076,105.288551,46.919998,182.064255,185.743515,94.739998,26.718542,198.876297
2023-01-30,361.306488,348.739441,945.584412,266.300995,129.381592,114.543594,1338.486572,439.5,132,61.106056,269.94101,1337.677246,246.360718,124.622269,137.5,210.199997,183.899994,124.525375,117.900002,219.680862,21.371307,154.375702,117.053551,109.917152,47.150002,206.445709,195.340363,92.300003,26.286808,203.859085
2023-02-06,348.139038,329.939209,929.594849,252.045502,124.103149,108.89373,1432.879883,410.343872,128.160004,58.244606,264.087555,1265.381104,235.54248,118.078972,129.520004,202.350006,161,121.883926,111.050003,210.3078,19.236923,141.560165,115.642128,99.588058,44.200001,191.430588,190.8965,92.5,25.433149,196.892853
2023-02-13,355.321289,345.983398,934.391724,253.134445,124.301582,109.448807,1440.87085,426.840088,127.68,58.898933,273.16037,1315.109619,230.23172,118.97805,130.5,203.699997,160.75,127.365417,122.75,213.236877,18.749475,144.948196,120.346855,105.093658,38.875,193.120392,197.231354,93.639999,26.218121,202.552933
2023-02-20,345.645203,333.876434,949.182068,251.352509,122.376732,107.347458,1389.928467,400.561218,129.800003,56.584381,277.257782,1248.205811,216.561401,115.281845,125.480003,200.300003,153.699997,130.364365,114.849998,207.574005,15.332422,139.645203,122.840363,107.43232,34.165001,190.464996,201.391556,94.360001,26.43399,198.537659
2023-02-27,353.525696,348.641022,983.559692,257.490326,124.321434,111.21315,1361.5,421.709015,127.300003,58.889164,278.038239,1273.569336,216.168015,117.229843,133.199997,205.600006,159.25,132.15181,109.400002,217.23996,16.583044,145.73381,122.087601,106.555321,36.82,205.480103,201.675201,96.080002,26.65967,210.728577
2023-03-06,358.114349,340.668152,993.153442,252.738464,122.138611,110.717545,1376.5,394.998535,124.199997,57.55122,269.843445,1242.014771,214.889496,115.231895,132.279999,200.350006,144.75,127.623619,110.25,203.082748,14.757209,137.975754,116.488983,101.342056,33.669998,197.851837,188.201828,97.580002,26.541924,203.230194
2023-03-13,334.173553,329.545471,908,246.30368,119.578758,106.812202,1377,366.226044,115,54.43586,275.989532,1254.197266,224.429199,112.18502,122.720001,191.339996,138.199997,111.933815,104.199997,195.760056,13.924141,131.543427,104.162598,92.377182,30.504999,181.581451,165.509827,99.839996,25.904133,189.868576
2023-03-20,339.660004,334.959137,920.200012,232.543137,119.003296,107.089745,1412.5,375.960724,117.5,54.992523,289.257324,1308.119751,238.492905,111.685532,121.199997,196.539993,142.149994,104.168358,106.900002,195.564789,12.689415,133.458389,102.374809,82.964066,26.674999,182.015976,164.138855,98.360001,25.590143,190.739349
2023-03-27,355.42099,363.897766,965.799988,245.808701,130.512695,118.13176,1443,391.114227,125.919998,59.182144,289.15976,1386.207397,248.524368,118.72831,147.820007,206.050003,154.5,110.639999,117.800003,214.60379,14.023315,133.998505,107.597046,89.839996,27.879999,204,160.876862,103.25,25.874697,206.906815
2023-04-03,343,354.054688,915,226.603348,125.164795,113.344238,1522,375.960724,125.050003,62.200001,305.5,1380.216064,254.52356,116.380714,151,209.600006,159.5,111.739998,112.599998,207.769272,13.074,132.350006,101.716141,89.599998,26.165001,189.5,173.899994,105,26.178873,185.475967
2023-04-10,363.5,367.539673,948,233.038132,128.538239,114.930168,1526.5,390.730621,132.5,62.279999,305.600006,1337.199951,254.130173,117.729332,154.779999,211.600006,166.300003,117.699997,121.400002,216.068329,13.79,131.949997,114.599998,93.620003,26.059999,200.399994,184.300003,105.599998,26.719999,210.550003
2023-04-17,364.700012,362.618134,897.200012,239.373917,128.935104,116.565651,1559,384.592468,135.25,55.369999,307.799988,1410,260.916138,116.330765,155.300003,209.850006,159.199997,117.739998,123.099998,210.112534,12.82,130,113.75,94.919998,24.33,197.149994,184.949997,104.150002,26.809999,211.100006
2023-04-24,370.299988,369.60672,875.200012,241.452835,146.943375,130.145157,1511,351.2164,154.550003,56.369999,310.700012,1365.400024,255.605392,116.730354,149.880005,219.800003,167.850006,113.82,114.5,203.570923,12.024,140.449997,116.5,90.620003,27.049999,185.300003,178,108.949997,28.559999,210.800003
2023-05-01,368.700012,375.700012,864,239.699997,146,128.899994,1518,362.399994,163.199997,55.5,310.600006,1294,251.899994,117.079994,146.119995,218.899994,165.899994,111.18,110.75,208.600006,11.27,141.600006,112.800003,87.760002,22.785,186.850006,172.899994,105.150002,27.6,208.100006
